id,name,operator,network,connectors,capacity,access,vehicle_type,address,municipality,lat_wgs84,lon_wgs84,E_LV95,N_LV95,source,osm_node_id,diemo_station_id,diemo_evse_ids,diemo_match_dist_m,diemo_n_evse,power_kw,charge_level,is_24h,auth_method,payment_options,accessibility_type,hotline,distance_to_lake_m,distance_to_transit_m,nearest_transit_name,distance_to_nearest_station_m,location_type,sheltered,dwell_context,ocm_id,ocm_uuid,ocm_title,ocm_status,ocm_is_operational,ocm_connection_types,ocm_max_power_kw,ocm_charging_levels,ocm_n_points,ocm_usage_type,ocm_usage_cost,ocm_is_pay_at_location,ocm_is_membership_required,ocm_is_access_key_required,ocm_operator,ocm_operator_url,ocm_general_comments,ocm_date_last_verified,ocm_match_dist_m
1,MOVE Station Bernex,MOVE,MOVE,Type 2 Outlet,4,public,car,Rue de Bernex 1901233 Bernex,Bernex,46.1786613,6.0836586,2495371.5,1115038.0,OSM,8245507656,CH*CCI*E21423,CH*CCI*E21423,41.4,1,22.0,medium,yes,Direct Payment;NFC RFID Classic;NFC RFID DESFire;REMOTE,,Paying publicly accessible,+41800292929,5746.1,3771.2,Lancy-Pont-Rouge,1886.3,street,FALSE,transit,174074,7E2460C6-C0C4-4A7C-A511-FB37928C96E9,P+R Bernex,Operational,True,CCS (Type 2); CHAdeMO; Type 2 (Tethered Connector) ,50,Level 2 : Medium (Over 2kW); Level 3:  High (Over 40kW),1,Public - Membership Required,,False,True,True,MOVE (CH),https://www.move.ch,,2021-03-15T11:01:00Z,27.8
2,EVite Station Vernier,EVite,,Type 2 Outlet,1,public,car,0 Null,Bernex,46.2255517,6.0856308,2495613.8,1120247.2,OSM,4219343926,CH*SWI*E276942,CH*SWI*E276942,56.7,1,11.0,medium,yes,NFC RFID Classic;REMOTE,Direct,Free publicly accessible,+41713881150,5088.7,776.8,Vernier-Meyrin,2064.3,surface_lot,FALSE,transit,73052,AA55F7E9-AF52-4510-977A-B1C630AE9F3F,Facchinetti Automobiles SA in Meyrin,Operational,True,CCS (Type 2); CHAdeMO; Type 2 (Socket Only),22,Level 2 : Medium (Over 2kW); Level 3:  High (Over 40kW),1,Public,Pay by credit card or subriprion,,,,(Unknown Operator),,Montag 08:00-18:00 UhrDienstag 08:00-18:00 UhrMittwoch-08:00-18:00 UhrDonners6tag 08:00-18:00 UhrFreitag08:00-18:00 UhrSamstag geschlossenSonntag geschlossen,2017-01-15T16:22:00Z,2.3
3,Electra Station Meyrin,Electra,,Type2,8,public,car,,Bernex,46.2822221,6.0893862,2496012.0,1126541.0,OSM,12521254757,,,,,150,,,,,,,8474.2,5901.8,Genève-Aéroport,3231.4,unknown,,transit,463193,6CD86DFD-44A4-4225-8E7F-4BF82E3A5827,Electra - Ornex - Fast food,Operational,True,CCS (Type 2); Type 2 (Socket Only),150,Level 2 : Medium (Over 2kW); Level 3:  High (Over 40kW),8,Public,,,,,Electra,https://www.go-electra.com,,2025-11-05T01:33:00Z,5.0
4,Type2 Station Airport area,,,Type2,4,public,car,,Bernex,46.2446779,6.095492,2496411.0,1122359.9,OSM,8454855559,,,,,,,,,,,,5721.2,1863.8,Genève-Aéroport,1560.3,unknown,,transit,,,,,,,,,,,,,,,,,,,
5,evpass Station 2,evpass,evpass,CHAdeMO+Type1+Type2+CCS,6,public,car,Chemin du Tourbillon1228 Plan-les-Ouates,Plan-les-Ouates,46.1663745,6.1024569,2496799.6,1113647.4,OSM,9861904216,806499ae-f23e-11f0-816b-42010aa40043,CH*SHE*E497*1;CH*SHE*E7523*1;CH*SHE*E498*1;CH*SHE*E7523*2;CH*SHE*E7523*3;CH*SHE*E7523*4,16.7,6,22.0,medium,no,,,Restricted access,+41225445465,5630.7,3183.5,Carouge-Bachet (CEVA),141.0,street,FALSE,transit,,,,,,,,,,,,,,,,,,,
6,Mobility Onex,Mobility,Mobility,mixed (EV fleet),1,members,car-sharing,,Onex,46.18793,6.10418,2496973.5,1116041.0,OSM,,,,,,,,,,,,,3858.3,1967.4,Lancy-Pont-Rouge,1845.4,car_sharing_hub,,transit,,,,,,,,,,,,,,,,,,,
7,Shell evpass Station,Shell,evpass,CHAdeMO+Type1+Type2+CCS,6,public,car,Chemin du Tourbillon1228 Plan-les-Ouates,Plan-les-Ouates,46.1663262,6.1042861,2496940.8,1113639.6,OSM,9861904215,806499ae-f23e-11f0-816b-42010aa40043,CH*SHE*E497*1;CH*SHE*E7523*1;CH*SHE*E498*1;CH*SHE*E7523*2;CH*SHE*E7523*3;CH*SHE*E7523*4,124.3,6,22.0,medium,no,,,Restricted access,+41225445465,5552.3,3066.2,Carouge-Bachet (CEVA),141.0,street,FALSE,transit,,,,,,,,,,,,,,,,,,,
8,Schneider Electric Station,Schneider Electric,,,2,public,car,,Plan-les-Ouates,46.2559942,6.1074903,2497357.6,1123601.9,OSM,4616586339,,,,,22,,,,,,,6208.7,2783.5,Genève-Aéroport,185.3,unknown,,transit,114930,24FFE443-A7EC-4E01-B51B-505FD0B82A40,"Ferney-Voltaire, Mairie",Operational,True,Europlug 2-Pin (CEE 7/16); Type 2 (Socket Only),22,Level 2 : Medium (Over 2kW),2,Public - Membership Required,"1€ les 20 premières minutes, puis 0,05 € par minute.",False,True,True,,,,2019-01-19T17:21:00Z,5.1
9,EVBox Station Plan-les-Ouates,EVBOX,,Type2,2,public,car,,Plan-les-Ouates,46.1651882,6.1091698,2497315.8,1113506.7,OSM,9861904214,,,,,,,,,,,,5451.1,2831.8,Carouge-Bachet (CEVA),273.3,unknown,,transit,,,,,,,,,,,,,,,,,,,
10,EVlink Station Meyrin,EVlink,,,1,public,car,,Plan-les-Ouates,46.2560079,6.1099009,2497543.5,1123600.3,OSM,7120597460,,,,,22,,,,,,,6123.5,2780.9,Genève-Aéroport,185.3,unknown,,transit,114931,3A9B0A1F-1FB0-49C1-82CC-7940E7AEB714,"Ferney-Voltaire, Centre",Operational,True,Europlug 2-Pin (CEE 7/16); Type 2 (Socket Only),22,Level 2 : Medium (Over 2kW),2,Public - Membership Required,"1 € les 20 premières minutes, puis 0,05 € par minute.",False,True,True,,,,2019-01-19T17:19:00Z,4.3
11,Tesla Supercharger Balexert,Tesla,Tesla Supercharger,Tesla SC 250kW + CCS 250kW,24,customers,car,Av.Louis-Casaï 271209 Geneva,Plan-les-Ouates,46.2190824,6.1107821,2497541.9,1119494.9,OSM,11491999626,CH*TSL*E0D1SM0,CH*TSL*E0D1SM0,3.3,1,250.0,ultra-fast,yes,REMOTE,Contract,Paying publicly accessible,+41618553021,3028.2,1328.8,Genève-Aéroport,174.9,surface_lot,FALSE,errands_mixed,313229,96F7A371-4F64-4972-9C1C-399E852695BC,Tesla Supercharger Centre Balexert (Garage Level 1),Operational,True,CCS (Type 2),250,Level 3:  High (Over 40kW),24,Public - Membership Required,"0,49 CHF/kWh peek 0,67",False,True,True,Tesla (including non-tesla),https://www.tesla.com/en_AU/support/non-tesla-supercharging,,2025-06-06T16:04:00Z,9.2
12,evpass Station Plan-les-Ouates,evpass,evpass,CHAdeMO+Type1+Type2+CCS,,private,car,,Plan-les-Ouates,46.169973,6.1109497,2497462.3,1114036.2,OSM,9862083219,,,,,,,,,,,,4927.6,2416.9,Carouge-Bachet (CEVA),434.2,unknown,,transit,,,,,,,,,,,,,,,,,,,
13,MOVE Station Plan-les-Ouates,MOVE,MOVE,Type2,,public,car,,Plan-les-Ouates,46.1662003,6.1124035,2497567.5,1113615.0,OSM,9862083218,,,,,,,,,,,,5227.5,2567.6,Carouge-Bachet (CEVA),273.3,unknown,,transit,,,,,,,,,,,,,,,,,,,
14,Mobility Genève Aéroport,Mobility,Mobility,mixed (EV fleet),4,members,car-sharing,,Genève,46.2326,6.11251,2497700.6,1120995.1,OSM,,,,,,,,,,,,,3844.2,292.0,Genève-Aéroport,882.6,car_sharing_hub,,transit,,,,,,,,,,,,,,,,,,,
15,Underground Station Balexert,MOVE,,Type 2 Outlet,1,public,car,Av. Louis-Casaï 271214 Vernier,Plan-les-Ouates,46.2192923,6.1130355,2497716.1,1119515.3,OSM,4239407469,CH*CCC*E50374,CH*CCC*E50374,51.7,1,22.0,medium,yes,Direct Payment;NFC RFID Classic;NFC RFID DESFire;REMOTE,,Paying publicly accessible,+41800292929,2884.7,1329.9,Genève-Aéroport,70.2,underground_parking,TRUE,transit,85240,DA141BF9-E5BA-4BF8-933B-35FD4B08822C,Centre Balexert,Operational,True,Type 2 (Socket Only),22,Level 2 : Medium (Over 2kW),8,Public,free,,,,(Business Owner at Location),,https://balexert.ch/parkings/,2017-04-25T16:04:00Z,67.6
16,Mobility Genève Les Ouches,Mobility,Mobility,mixed (EV fleet),2,members,car-sharing,,Genève,46.2090788,6.1131455,2497705.4,1118379.9,OSM,,,,,,,,,,,,,2541.6,2237.8,Vernier-Meyrin,807.6,car_sharing_hub,,transit,,,,,,,,,,,,,,,,,,,
17,Mobility Vernier Balexert,Mobility,Mobility,mixed (EV fleet),1,members,car-sharing,Av. Louis-Casaï 271209 Genève,Vernier,46.21872,6.11342,2497744.7,1119451.2,OSM,,CH*CCI*E22309,CH*CCI*E22309,68.5,1,22.0,medium,yes,Direct Payment;NFC RFID Classic;NFC RFID DESFire;REMOTE,,Paying publicly accessible,+41800292929,2828.8,1398.4,Genève-Aéroport,70.2,car_sharing_hub,,transit,85240,DA141BF9-E5BA-4BF8-933B-35FD4B08822C,Centre Balexert,Operational,True,Type 2 (Socket Only),22,Level 2 : Medium (Over 2kW),8,Public,free,,,,(Business Owner at Location),,https://balexert.ch/parkings/,2017-04-25T16:04:00Z,22.1
18,Greenmotion Station,GreenMotion,,Type 2 Outlet,2,public,car,"Novotel Suites Genève Aéroport, Avenue Louis1216 Genève",Plan-les-Ouates,46.2205429,6.1136973,2497769.5,1119653.4,OSM,12542638601,39570f16-82db-11ea-9671-42010a840003,CH*SHE*E7403*1;CH*SHE*E7403*2,1.6,2,22.0,medium,yes,,,Restricted access,+41225445465,2909.6,1206.8,Genève-Aéroport,148.1,street,FALSE,transit,,,,,,,,,,,,,,,,,,,
19,Plan-les-Ouates Station,MOVE,,Type 2 Outlet,4,public,car,Route des Chevaliers-de-Malte 131226 Plan-les-Ouates,Plan-les-Ouates,46.1674129,6.1186684,2498053.5,1113741.6,OSM,13238514559,CH*CCI*E22434,CH*CCI*E22434,4.3,1,22.0,medium,yes,Direct Payment;NFC RFID Classic;NFC RFID DESFire;REMOTE,,Paying publicly accessible,+41800292929,4884.0,2120.9,Carouge-Bachet (CEVA),500.9,street,FALSE,transit,,,,,,,,,,,,,,,,,,,
20,Lancy Station,MOVE,,Type 2 Outlet,6,public,car,Chemin des Palettes1212 Grand-Lancy,Carouge,46.1757765,6.1214098,2498280.9,1114667.6,OSM,11595464038,CH*CCI*E20979,CH*CCI*E20979,3.9,1,22.0,medium,yes,Direct Payment;NFC RFID Classic;NFC RFID DESFire;REMOTE,,Paying publicly accessible,+41800292929,3958.5,1403.2,Carouge-Bachet (CEVA),338.4,street,FALSE,transit,,,,,,,,,,,,,,,,,,,
21,Mobility Grand-Saconnex,Mobility,Mobility,mixed (EV fleet),1,members,car-sharing,,Grand-Saconnex,46.2294,6.12301,2498504.5,1120625.8,OSM,,,,,,,,,,,,,3058.6,1054.3,Genève-Aéroport,882.6,car_sharing_hub,,transit,,,,,,,,,,,,,,,,,,,
22,Mobility Genève Charmilles,Mobility,Mobility,mixed (EV fleet),2,members,car-sharing,"Centre Commercial Planète Charmilles, Promena1211 Genève",Genève,46.20774,6.12346,2498498.8,1118217.7,OSM,,cb54aae2-4207-11e9-a2d7-42010a840003,CH*SHE*E6623*1;CH*SHE*E6623*2,90.2,2,22.0,medium,yes,,,Restricted access,+41225445465,1738.4,1463.8,Genève,407.9,commercial_retail,TRUE,shopping,,,,,,,,,,,,,,,,,,,
23,MOVE Station Carouge,MOVE,MOVE,Type2 22kW,7,public,car,Chemin des Rambossons 271213 Petit-Lancy,Carouge,46.1783509,6.1237549,2498466.8,1114950.7,OSM,11533526480,CH*CCI*E21327,CH*CCI*E21327,8.3,1,22.0,medium,yes,Direct Payment;NFC RFID Classic;NFC RFID DESFire;REMOTE,,Paying publicly accessible,+41800292929,3620.5,1135.6,Carouge-Bachet (CEVA),338.4,street,FALSE,transit,,,,,,,,,,,,,,,,,,,
24,Mobility Genève Jonction,Mobility,Mobility,mixed (EV fleet),1,members,car-sharing,,Genève,46.20105,6.12707,2498765.0,1117469.4,OSM,,,,,,,,,,,,,1601.7,1153.8,Lancy-Pont-Rouge,720.4,car_sharing_hub,,transit,,,,,,,,,,,,,,,,,,,
25,Mobility Genève Wendt,Mobility,Mobility,mixed (EV fleet),1,members,car-sharing,,Genève,46.21004,6.12759,2498821.8,1118468.0,OSM,,,,,,,,,,,,,1458.1,1124.2,Genève,338.6,car_sharing_hub,,transit,,,,,,,,,,,,,,,,,,,
26,Type2 Station Carouge,,,Type2 22kW,2,public,car,,Carouge,46.1808984,6.1281768,2498812.9,1115228.2,OSM,11533497355,,,,,,,,,,,,3213.7,714.8,Lancy-Bachet,442.9,unknown,,transit,,,,,,,,,,,,,,,,,,,
27,Mobility Genève Servette 2,Mobility,Mobility,mixed (EV fleet),2,members,car-sharing,Rue Hoffmann 41201 Genève,Genève,46.21352,6.12836,2498887.7,1118853.8,OSM,,CH*CCI*E21477,CH*CCI*E21477,114.2,1,22.0,medium,yes,Direct Payment;NFC RFID Classic;NFC RFID DESFire;REMOTE,,Paying publicly accessible,+41800292929,1540.6,1134.6,Genève,120.0,car_sharing_hub,,transit,,,,,,,,,,,,,,,,,,,
28,Mobility Genève Servette,Mobility,Mobility,mixed (EV fleet),4,members,car-sharing,Rue Hoffmann 41201 Genève,Genève,46.2127709,6.1295362,2498977.1,1118769.0,OSM,,CH*CCI*E21477,CH*CCI*E21477,130.7,1,22.0,medium,yes,Direct Payment;NFC RFID Classic;NFC RFID DESFire;REMOTE,,Paying publicly accessible,+41800292929,1421.8,1022.0,Genève,123.0,car_sharing_hub,,transit,,,,,,,,,,,,,,,,,,,
29,SIG move Station,SIG move,,Type 2 Outlet,1,public,car,Rue Hoffmann 41201 Genève,Carouge,46.213976,6.1297738,2498997.6,1118902.7,OSM,5928307851,CH*CCI*E21477,CH*CCI*E21477,6.1,1,22.0,medium,yes,Direct Payment;NFC RFID Classic;NFC RFID DESFire;REMOTE,,Paying publicly accessible,+41800292929,1471.6,1053.4,Genève,120.0,street,FALSE,transit,,,,,,,,,,,,,,,,,,,
30,Mobility Carouge Noirettes,Mobility,Mobility,mixed (EV fleet),4,members,car-sharing,,Carouge,46.1874,6.13158,2499087.7,1115946.4,OSM,,,,,,,,,,,,,2448.4,413.6,Lancy-Pont-Rouge,695.5,car_sharing_hub,,transit,,,,,,,,,,,,,,,,,,,
31,evpass,evpass,,Type 2 Outlet,1,public,car,"Rte de Valavran 25, 1293 Bellevue",Bellevue,46.256263,6.134988,2499478.2,1123596.2,Google Places,,CH*ECUEFHTLSL9VCL47MBEV4AEQD7HF6Q,CH*ECUEFHTLSL9VCL47MBEV4AEQD7HF6Q,5.2,1,22.0,medium,yes,NFC RFID Classic;NFC RFID DESFire;REMOTE,Direct,Free publicly accessible,+41415101717,5530.2,3049.9,Chambésy,1486.6,surface_lot,FALSE,errands_mixed,,,,,,,,,,,,,,,,,,,
32,Mobility Hôtel des Finances,Mobility,Mobility,mixed (EV fleet),4,members,car-sharing,Rue du Tir 51204 Genève,Genève,46.2027677,6.1360957,2499464.7,1117648.7,OSM,,1258,CHEVPE35728,20.3,1,3.7,slow,yes,REMOTE,No Payment,Free publicly accessible,+41582219660,896.8,931.3,Genève,324.0,hotel,TRUE,transit,85132,5655FB62-B0C8-42C5-8EB3-A20A32CE5F31,Parking Hotel des Finances,Operational,True,T13 - SEC1011 ( Swiss domestic 3-pin ) - Type J,3,Level 2 : Medium (Over 2kW),3,Public - Pay At Location,,True,False,False,(Business Owner at Location),,étage -2/-3,2017-04-01T09:36:00Z,27.3
33,Shell Recharge,Shell Recharge,,CCS Combo 2 Plug (Cable Attached);CHAdeMO;Type 1 Connector (Cable Attached);Type 2 Outlet,3,public,car,"Quai du Seujet 18, 1201 Genève",Genève,46.20558,6.137196,2499554.8,1117959.9,Google Places,,51726e9c-8eee-11e9-bdb5-42010a840003,CH*SHE*E603*1;CH*SHE*E832*1;CH*SHE*E833*1,0.0,3,22.0,medium,yes,,,Restricted access,+41225445465,696.4,624.4,Genève,233.9,street,FALSE,recreation,,,,,,,,,,,,,,,,,,,
34,Petit-Saconnex Station,,,,,public,car,,Genève,46.2262245,6.139153,2499743.9,1120252.0,OSM,8065863397,,,,,,,,,,,,2204.1,404.1,Genève-Sécheron,261.8,unknown,,transit,,,,,,,,,,,,,,,,,,,
35,Mobility Carouge Sardaigne,Mobility,Mobility,mixed (EV fleet),4,members,car-sharing,,Carouge,46.18404,6.1392,2499669.8,1115563.2,OSM,,,,,,,,,,,,,2609.0,205.6,Lancy-Bachet,468.5,car_sharing_hub,,transit,,,,,,,,,,,,,,,,,,,
36,MOVE,MOVE,,Type 2 Outlet,1,public,car,"Quai Turrettini 1, 1201 Genève",Genève,46.205637,6.140234,2499789.4,1117962.4,Google Places,,CH*CCI*E20290,CH*CCI*E20290,6.9,1,22.0,medium,yes,Direct Payment;NFC RFID Classic;NFC RFID DESFire;REMOTE,,Paying publicly accessible,+41800292929,469.4,508.2,Genève,233.9,street,FALSE,recreation,,,,,,,,,,,,,,,,,,,
37,Mobility Genève Uni-Mail,Mobility,Mobility,mixed (EV fleet),6,members,car-sharing,Quai Ernest Ansermet Boulevard Carl-Vogt 14 - 1021205 Genève,Genève,46.195341,6.1403369,2499778.4,1116817.8,OSM,,1226,CHEVPE35701,68.2,1,3.7,slow,yes,REMOTE,No Payment,Free publicly accessible,+41582219660,1369.2,981.7,Lancy-Pont-Rouge,323.2,car_sharing_hub,,transit,31477,95D56DB6-5058-4302-A30B-482CDAB88569,Avenue Henri-Dunant,Operational,True,Type 2 (Socket Only),11,Level 2 : Medium (Over 2kW),1,,0.00 jaarabonnement,,,,Essent (NL),http://www.essent.nl/content/particulier/producten/elektrisch_rijden/index.html,,2020-10-23T16:43:00Z,127.5
38,Mobility Genève Les Grottes,Mobility,Mobility,mixed (EV fleet),8,members,car-sharing,,Genève,46.2110411,6.1407637,2499840.2,1118562.3,OSM,,,,,,,,,,,,,604.2,160.1,Genève,183.0,car_sharing_hub,,transit,,,,,,,,,,,,,,,,,,,
39,Mobility Carouge Octroi,Mobility,Mobility,mixed (EV fleet),4,members,car-sharing,,Carouge,46.188,6.14128,2499837.7,1116000.7,OSM,,,,,,,,,,,,,2146.1,640.8,Lancy-Bachet,468.5,car_sharing_hub,,transit,,,,,,,,,,,,,,,,,,,
40,Mobility Genève Plainpalais,Mobility,Mobility,mixed (EV fleet),11,members,car-sharing,Bd Georges-Favon 461204 Genève,Genève,46.19816,6.14136,2499862.5,1117129.8,OSM,,CH*ECUET2SFWFUQZHPDSH346VL2H9UFJX,CH*ECUET2SFWFUQZHPDSH346VL2H9UFJX,52.8,1,3,,yes,NFC RFID Classic;NFC RFID DESFire;REMOTE,Direct,Free publicly accessible,+41415101717,1047.0,1106.4,Rive (tram hub),323.2,car_sharing_hub,,transit,85135,072F7EB4-B245-477F-A3DC-F29351EDBE3E, Parking Plaine de Plainpalais,Operational,True,T13 - SEC1011 ( Swiss domestic 3-pin ) - Type J,3,Level 2 : Medium (Over 2kW),2,Public - Pay At Location,,True,False,False,(Business Owner at Location),,étage -1,2017-04-01T09:35:00Z,46.5
41,Petit-Saconnex Station 2,,,,,public,car,,Genève,46.2265718,6.1425196,2500004.3,1120286.3,OSM,8047388115,,,,,,,,,,,,2180.9,145.9,Genève-Sécheron,261.8,unknown,,transit,,,,,,,,,,,,,,,,,,,
42,MOVE,MOVE,,Type 2 Outlet,1,public,car,"Rue de Montbrillant 38, 1201 Genève",Genève,46.214323,6.142729,2499997.9,1118924.6,Google Places,,CH*CCI*E21280,CH*CCI*E21280,0.0,1,22.0,medium,yes,Direct Payment;NFC RFID Classic;NFC RFID DESFire;REMOTE,,Paying publicly accessible,+41800292929,853.3,481.1,Cornavin (tram hub),395.0,street,FALSE,residential_substitute,,,,,,,,,,,,,,,,,,,
43,Mobility Genève Cornavin,Mobility,Mobility,mixed (EV fleet),15,members,car-sharing,Rue du Mont-Blanc 301201 Genève,Genève,46.2102513,6.1428501,2499999.8,1118471.9,OSM,,2513,CHEVPE35942,59.5,1,3.7,slow,yes,REMOTE,No Payment,Free publicly accessible,+41582219660,435.8,30.2,Cornavin (tram hub),183.0,car_sharing_hub,,transit,85129,4B4A5510-0136-4931-BF40-00900E16CD55, Parking de Cornavin,Unknown,,T13 - SEC1011 ( Swiss domestic 3-pin ) - Type J,3,Level 2 : Medium (Over 2kW),4,Public - Pay At Location,,True,False,False,(Business Owner at Location),,étage -4,2017-04-01T09:37:00Z,52.6
44,Grand-Saconnex Station,,,,,public,car,,Genève,46.2294365,6.1433131,2500070.8,1120603.7,OSM,8065863396,,,,,,,,,,,,2476.7,347.8,Genève-Sécheron,324.3,unknown,,transit,,,,,,,,,,,,,,,,,,,
45,Badge-only Station,(Unknown Operator),,,2,public,car,,Genève,46.2188535,6.1438498,2500092.7,1119426.8,OSM,4714322462,,,,,,,,,,,,1321.6,840.2,Genève-Sécheron,485.5,unknown,,transit,77394,A2AC602A-B6D4-43A4-8DE7-249DF8D13F26,Parking Vedia,Operational,True,Type 2 (Socket Only),,,1,Public - Membership Required,0.45chf/kwh max 4 h after 2chf/H,False,True,True,(Unknown Operator),,,2017-01-15T00:01:00Z,3.0
46,Shell Recharge,Shell Recharge,,Type 2 Outlet,2,public,car,"Rue de Zurich 19, 1201 Genève",Genève,46.211497,6.147293,2500344.9,1118604.7,Google Places,,deb0b648-41c6-11ea-bfad-42010a840003,CH*SHE*E6893*1;CH*SHE*E6893*2,0.0,2,22.0,medium,yes,,,Restricted access,+41225445465,463.4,369.9,Cornavin (tram hub),275.1,street,FALSE,residential_substitute,,,,,,,,,,,,,,,,,,,
47,Mobility Genève Lombard,Mobility,Mobility,mixed (EV fleet),4,members,car-sharing,Rue Sautter 211205 Genève,Genève,46.19498,6.14918,2500460.3,1116766.4,OSM,,CH*ECUEPYYBMATD3P5T8T6HVV97DUBALW,CH*ECUEPYYBMATD3P5T8T6HVV97DUBALW,51.7,1,22.0,medium,yes,NFC RFID Classic;NFC RFID DESFire;REMOTE,Direct,Free publicly accessible,+41415101717,1360.3,1045.2,Rive (tram hub),520.4,car_sharing_hub,,transit,85134,3C4641E3-7E60-4765-8C95-0BDD69556D26, Parking Lombard,Operational,True,T13 - SEC1011 ( Swiss domestic 3-pin ) - Type J,3,Level 2 : Medium (Over 2kW),2,Public - Pay At Location,,True,False,False,(Business Owner at Location),,étage -2,2017-04-01T09:35:00Z,94.0
48,Tesla Destination Founex,Tesla (Tesla-only charging),Tesla Destination,Type2 11kW,,public,car,,Genève,46.4026102,6.1492361,2500844.5,1139844.5,OSM,9947275139,,,,,14,,,,,,,6661.5,7103.5,Nyon,4265.9,unknown,,unknown,93997,F51F0881-0368-482F-B1BF-F7809FC45E47,Château de Bonmont,Operational,True,Tesla (Model S/X),14,Level 2 : Medium (Over 2kW),2,Public - Membership Required,,False,True,True,Tesla (Tesla-only charging),http://www.teslamotors.com,"2 Tesla Connectors, up to 14kW.Available to the public. Self park.",2018-10-03T17:46:00Z,21.3
49,Tesla Destination Charger,Tesla,,,,public,car,"Quai du Mont-Blanc 13, 1201 Genève",Genève,46.209606,6.149599,2500519.4,1118391.6,Google Places,,,,,,22,,,,,,,217.1,509.7,Cornavin (tram hub),275.1,street,FALSE,recreation,75008,F493CA00-9BEF-485A-B805-B2CBD87288E6,Hotel Beau-Rivage Genève,Operational,True,Tesla (Model S/X),22,Level 2 : Medium (Over 2kW),1,"Private - For Staff, Visitors or Customers",Free,False,False,False,Tesla (Tesla-only charging),http://www.teslamotors.com,"1 Tesla Connector, up to 22kW.Available for patrons only. Please see valet.",2018-10-03T17:31:00Z,72.9
50,Mobility Genève Pâquis,Mobility,Mobility,mixed (EV fleet),1,members,car-sharing,,Genève,46.21401,6.14981,2500543.7,1118880.8,OSM,,,,,,,,,,,,,689.9,688.0,Cornavin (tram hub),340.0,car_sharing_hub,,transit,,,,,,,,,,,,,,,,,,,
51,Mobility Genève Sécheron,Mobility,Mobility,mixed (EV fleet),2,members,car-sharing,,Genève,46.21983,6.15,2500569.0,1119527.5,OSM,,,,,,,,,,,,,1316.4,848.1,Genève-Sécheron,485.5,car_sharing_hub,,transit,,,,,,,,,,,,,,,,,,,
52,Mobility Genève St-Antoine,Mobility,Mobility,mixed (EV fleet),12,members,car-sharing,,Genève,46.1995462,6.1506627,2500583.1,1117272.1,OSM,,,,,,3,,,,,,,890.8,526.9,Rive (tram hub),520.4,car_sharing_hub,,transit,85136,00086252-84FC-4A54-AFF1-B14A5B0A609B,Parking Saint Antoine,Operational,True,T13 - SEC1011 ( Swiss domestic 3-pin ) - Type J,3,Level 2 : Medium (Over 2kW),6,Public - Pay At Location,,True,False,False,(Business Owner at Location),,étage -6,2017-04-25T16:34:00Z,18.3
53,Genthod Station,MOVE,,Type 2 Outlet,2,public,car,"Chem. des Aiglons 8, 1293 Bellevue",Genève,46.2543743,6.1541295,2500950.6,1123361.8,Google Places + OSM,8829191617,CH*CCI*E22300,CH*CCI*E22300,70.6,1,22.0,medium,yes,Direct Payment;NFC RFID Classic;NFC RFID DESFire;REMOTE,,Paying publicly accessible,+41800292929,4931.5,2381.1,Chambésy,81.9,surface_lot,FALSE,transit,,,,,,,,,,,,,,,,,,,
54,Soraco Station Genthod,Soraco,,Type 2 Outlet,10,public,car,Chemin Des Aiglons 81293 Bellevue,Genève,46.2550809,6.1544281,2500974.9,1123440.0,OSM,10201888436,CH*CCI*E22300,CH*CCI*E22300,127.8,1,22.0,medium,yes,Direct Payment;NFC RFID Classic;NFC RFID DESFire;REMOTE,,Paying publicly accessible,+41800292929,4947.3,2458.3,Chambésy,81.9,street,FALSE,transit,,,,,,,,,,,,,,,,,,,
55,evpass Begnins,Shell Recharge,evpass,Type1 7kW+Type2 22kW,2,public,car,Place Sy-Vieuxville 21264 Saiint-Cergue,Genève,46.4466426,6.1567849,2501505.0,1144729.1,OSM,9071642236,515e7cb6-8eee-11e9-8692-42010a840003,CH*SHE*E752*2;CH*SHE*E752*1,0.8,2,22.0,medium,yes,,,Restricted access,+41225445465,9098.0,9127.4,Nyon,4656.9,street,FALSE,recreation,,,,,,,,,,,,,,,,,,,
56,eCarUp,eCarUp,,CCS Combo 2 Plug (Cable Attached),1,public,car,"Chem. Industriel 1, 1279 Chavannes-de-Bogis",Chavannes-de-Bogis,46.335182,6.158302,2501419.1,1132338.4,Google Places,,CH*ECUEW6JKN6PQKDWETSZBTFSXKLB5N2,CH*ECUEW6JKN6PQKDWETSZBTFSXKLB5N2,11.7,1,300.0,ultra-fast,yes,NFC RFID Classic;NFC RFID DESFire;REMOTE,Direct,Free publicly accessible,+41415101717,2613.9,3321.6,Coppet,251.9,surface_lot,FALSE,errands_mixed,,,,,,,,,,,,,,,,,,,
57,Mobility Genève Villereuse,Mobility,Mobility,mixed (EV fleet),10,members,car-sharing,Carr de Villereuse 2A1207 Genève,Genève,46.20023,6.15887,2501217.8,1117337.7,OSM,,CH*ECUEVXTNQ3Y9QX27E2F6853NTEH23Z,CH*ECUEVXTNQ3Y9QX27E2F6853NTEH23Z,28.1,1,22.0,medium,yes,NFC RFID Classic;NFC RFID DESFire;REMOTE,Direct,Free publicly accessible,+41415101717,962.9,616.3,Rive (tram hub),15.2,car_sharing_hub,,transit,,,,,,,,,,,,,,,,,,,
58,Shell Recharge,Shell Recharge,,Type 2 Outlet,1,public,car,"Carr de Villereuse 2A, 1207 Genève",Genève,46.200356,6.158948,2501224.0,1117351.6,Google Places,,CH*ECUEVXTNQ3Y9QX27E2F6853NTEH23Z,CH*ECUEVXTNQ3Y9QX27E2F6853NTEH23Z,18.9,1,22.0,medium,yes,NFC RFID Classic;NFC RFID DESFire;REMOTE,Direct,Free publicly accessible,+41415101717,950.4,611.3,Rive (tram hub),15.2,surface_lot,FALSE,errands_mixed,,,,,,,,,,,,,,,,,,,
59,Mobility Cité Universitaire,Mobility,Mobility,mixed (EV fleet),1,members,car-sharing,,Genève,46.1869782,6.15938,2501233.1,1115864.1,OSM,,,,,,,,,,,,,2408.2,1775.1,Carouge-Bachet (CEVA),1186.6,car_sharing_hub,,transit,,,,,,,,,,,,,,,,,,,
60,Versoix Station 3,MOVE,,Type 2 Outlet,1,public,car,"Parking Colombières, 1290 Versoix",Genève,46.2801157,6.1610066,2501527.5,1126214.3,Google Places + OSM,9321025639,CH*CCI*E20691,CH*CCI*E20691,4.0,1,22.0,medium,yes,Direct Payment;NFC RFID Classic;NFC RFID DESFire;REMOTE,,Paying publicly accessible,+41800292929,3603.1,4738.8,Coppet,2.4,underground_parking,TRUE,transit,,,,,,,,,,,,,,,,,,,
61,Versoix Station 2,MOVE,,Type 2 Outlet,1,public,car,Parking Colombières1290 Versoix,Genève,46.2801046,6.1610341,2501529.6,1126213.1,OSM,9321025640,CH*CCI*E20691,CH*CCI*E20691,6.4,1,22.0,medium,yes,Direct Payment;NFC RFID Classic;NFC RFID DESFire;REMOTE,,Paying publicly accessible,+41800292929,3601.5,4738.7,Coppet,2.4,underground_parking,TRUE,transit,,,,,,,,,,,,,,,,,,,
62,Versoix Station 1,MOVE,,Type 2 Outlet,1,public,car,Parking Colombières1290 Versoix,Genève,46.2800948,6.1610623,2501531.7,1126211.9,OSM,9321025641,CH*CCI*E20691,CH*CCI*E20691,8.8,1,22.0,medium,yes,Direct Payment;NFC RFID Classic;NFC RFID DESFire;REMOTE,,Paying publicly accessible,+41800292929,3599.9,4738.6,Coppet,2.4,underground_parking,TRUE,transit,,,,,,,,,,,,,,,,,,,
63,MOVE,MOVE,,CCS Combo 2 Plug (Cable Attached),1,public,car,"Les Champs-Blancs, 1279 Chavannes-de-Bogis",Chavannes-de-Bogis,46.33473,6.161517,2501665.8,1132284.1,Google Places,,CH*CCC*E50265,CH*CCC*E50265,0.0,1,150.0,ultra-fast,yes,Direct Payment;NFC RFID Classic;NFC RFID DESFire;REMOTE,,Paying publicly accessible,+41800292929,2362.3,3098.1,Coppet,251.9,surface_lot,FALSE,errands_mixed,175725,DA5E2676-320D-4DAE-B8C6-0F688FDC8BF2,Les Champs-Blancs - Chavannes-de-Bogis,Operational,True,CCS (Type 2); Type 2 (Tethered Connector) ,150,Level 2 : Medium (Over 2kW); Level 3:  High (Over 40kW),2,Public,,,,,MOVE (CH),https://www.move.ch,,2021-06-09T22:29:00Z,11.2
64,Aldi Charging Versoix,EvPass/Aldi,evpass,Type 1 Connector (Cable Attached);Type 2 Outlet,2,customers,car,"Aldi Versoix, Route de Saint-Loup 21290 Versoix",Genève,46.2792796,6.1649214,2501827.7,1126116.5,OSM,8126961311,1890052a-0a13-11eb-a10c-42010a840003,CH*SHE*E834*1;CH*SHE*E836*1,4.8,2,22.0,medium,yes,,,Restricted access,+41225445465,3352.2,4675.8,Coppet,151.2,commercial_retail,TRUE,shopping,,,,,,,,,,,,,,,,,,,
65,MOVE,MOVE,,Type 2 Outlet,1,public,car,"Chem. Jean-Baptiste Vandelle, 1290 Versoix",Versoix,46.280255,6.166292,2501935.1,1126223.2,Google Places,,CH*CCI*E21066,CH*CCI*E21066,1.7,1,22.0,medium,yes,Direct Payment;NFC RFID Classic;NFC RFID DESFire;REMOTE,,Paying publicly accessible,+41800292929,3215.9,4531.7,Coppet,151.2,surface_lot,FALSE,errands_mixed,,,,,,,,,,,,,,,,,,,
66,Shell Recharge,Shell Recharge,,CCS Combo 2 Plug (Cable Attached);CHAdeMO;Type 2 Outlet,5,public,car,"Av. de la Gare des Eaux-Vives 11, 1207 Genève",Genève,46.20097,6.166374,2501798.3,1117410.5,Google Places,,08b9e2de-2fe6-11ec-8454-42010a840003,CH*SHE*E500*1;CH*SHE*E6833*3;CH*SHE*E6833*2;CH*SHE*E6833*4;CH*SHE*E6833*1,0.0,5,22.0,medium,yes,,,Restricted access,+41225445465,1004.8,1083.0,Rive (tram hub),575.6,unknown,,transit,,,,,,,,,,,,,,,,,,,
67,Shell Recharge,Shell Recharge,,CCS Combo 2 Plug (Cable Attached),4,public,car,"Rte de Suisse 3, 1295 Mies",Mies,46.296091,6.167126,2502027.9,1127982.3,Google Places,,730f7ca0-6351-11f0-9c07-42010aa400b8,CH*SHE*E13654*1;CH*SHE*E13654*2;CH*SHE*E13655*1;CH*SHE*E13655*2,23.6,4,300.0,ultra-fast,yes,,,Restricted access,+41225445465,2410.7,3011.9,Coppet,1762.0,unknown,,unknown,,,,,,,,,,,,,,,,,,,
68,MOVE,MOVE,,Type 2 Outlet,1,public,car,"Chem. Vy des Mores 6, 1291 Commugny",Commugny,46.317288,6.176037,2502752.4,1130327.3,Google Places,,CH*CCI*E21985,CH*CCI*E21985,4.0,1,22.0,medium,yes,Direct Payment;NFC RFID Classic;NFC RFID DESFire;REMOTE,,Paying publicly accessible,+41800292929,999.7,1257.8,Coppet,1263.7,surface_lot,FALSE,errands_mixed,,,,,,,,,,,,,,,,,,,
69,GreenMotion,GreenMotion,,CCS Combo 2 Plug (Cable Attached),1,public,car,"Pl. Pierre-Gautier, 1223 Cologny",Cologny,46.216295,6.180602,2502923.7,1119096.2,Google Places,,CH*CCI*E22359,CH*CCI*E22359,2.1,1,50.0,fast,yes,Direct Payment;NFC RFID Classic;NFC RFID DESFire;REMOTE,,Paying publicly accessible,+41800292929,260.2,2300.1,Chêne-Bourg (CEVA),1138.3,surface_lot,FALSE,errands_mixed,,,,,,,,,,,,,,,,,,,
70,Green Motion,GreenMotion,,Type 2 Outlet,1,public,car,"Chem. de la Tulette 8, 1223 Cologny",Cologny,46.206442,6.184615,2503215.8,1117996.0,Google Places,,CH*CCI*E22348,CH*CCI*E22348,42.4,1,22.0,medium,yes,Direct Payment;NFC RFID Classic;NFC RFID DESFire;REMOTE,,Paying publicly accessible,+41800292929,862.4,1262.2,Chêne-Bourg (CEVA),1138.3,surface_lot,FALSE,errands_mixed,,,,,,,,,,,,,,,,,,,
71,Evpass,evpass,,Type 2 Outlet,1,public,car,"Rte de Suisse 81, 1296 Coppet",Coppet,46.315357,6.192252,2503997.8,1130092.7,Google Places,,CH*ECUESB5K6S2F53ZGQMU58FKAQ965CX,CH*ECUESB5K6S2F53ZGQMU58FKAQ965CX,7.8,1,22.0,medium,yes,NFC RFID Classic;NFC RFID DESFire;REMOTE,Direct,Free publicly accessible,+41415101717,168.3,160.9,Coppet,1263.7,surface_lot,FALSE,errands_mixed,,,,,,,,,,,,,,,,,,,
72,Cologny Station,MOVE,,Type 2 Outlet,1,public,car,Chemin de Marcelly1226 Thônex,Cologny,46.195451,6.2042246,2504709.9,1116750.3,OSM,11316356369,CH*CCI*E21133,CH*CCI*E21133,2.7,1,22.0,medium,yes,Direct Payment;NFC RFID Classic;NFC RFID DESFire;REMOTE,,Paying publicly accessible,+41800292929,2619.9,681.9,Chêne-Bourg (CEVA),1942.0,street,FALSE,transit,,,,,,,,,,,,,,,,,,,
73,evpass Prangins Fast,Shell Recharge,evpass,CHAdeMO 50kW+Type2 22kW+CCS 50kW,2,public,car,Route Blanche 11274 Signy,Cologny,46.3990976,6.2046342,2505098.1,1139385.4,OSM,9071423163,2b8e7e94-41c0-11e9-9729-42010a840003,CH*SHE*E598*1;CH*SHE*E598*2,12.4,2,160.0,ultra-fast,yes,,,Restricted access,+41225445465,2948.3,2952.8,Nyon,309.5,street,FALSE,residential_substitute,82391,8C53F0FD-4086-40CC-9144-15BCD760D42A,Avia Auto Service in Signy,Operational,True,CCS (Type 2); CHAdeMO; Type 2 (Tethered Connector) ,50,Level 2 : Medium (Over 2kW); Level 3:  High (Over 40kW),1,Public,CHF 1.50+0.50/kWh;  Andere Tarife möglich/Autres tarifs possibles,,,,EVPass (CH),https://www.evpass.ch/,2 Free parking,2017-02-04T09:40:00Z,73.1
74,evpass Station Prangins,eCarUp,evpass,Type1 3.7kW+Type2 11kW,1,public,car,En Fléchère 11274 Signy-Avenex,Cologny,46.3968728,6.2070585,2505280.6,1139135.2,OSM,9071521063,CH*ECUEMVMSBRSP59YFW9NF7RK2Y893YA,CH*ECUEMVMSBRSP59YFW9NF7RK2Y893YA,1.7,1,11.0,medium,yes,NFC RFID Classic;NFC RFID DESFire;REMOTE,Direct,Free publicly accessible,+41415101717,2649.4,2680.7,Nyon,309.5,surface_lot,FALSE,transit,,,,,,,,,,,,,,,,,,,
75,evpass Rolle 2,Shell Recharge,evpass,Type1 7kW+Type2 22kW,1,public,car,"Clinique Genolier, Parking Restaurant, Route1272 Genolier",Nyon,46.4451311,6.2175267,2506169.3,1144486.6,OSM,9071642262,51033982-8eee-11e9-9aef-42010a840003,CH*SHE*E3563*1;CH*SHE*E3593*1,6.5,2,22.0,medium,yes,,,Restricted access,+41225445465,5530.3,5108.1,Gland,2317.4,underground_parking,TRUE,dining,,,,,,,,,,,,,,,,,,,
76,Emil Frey SA Nyon,Emil Frey,,Type 2 Outlet,1,public,car,Route de Champ-Colin 11260 Nyon,Nyon,46.3847661,6.2182331,2506119.0,1137776.1,OSM,4910464049,CH*ECUE9HLL9H7DV4ZEVGL8K3EX87HF4Z,CH*ECUE9HLL9H7DV4ZEVGL8K3EX87HF4Z,52.2,1,11.0,medium,yes,NFC RFID Classic;NFC RFID DESFire;REMOTE,Direct,Free publicly accessible,+41415101717,1171.6,1634.6,Nyon,372.0,street,FALSE,residential_substitute,,,,,,,,,,,,,,,,,,,
77,ChargePoint,ChargePoint,,Type 2 Outlet,6,public,car,"Rte de Saint-Cergue 293, 1260 Nyon",Nyon,46.400602,6.218265,2506148.9,1139536.2,Google Places,,7f2a7640-62d2-11eb-babd-42010a840003,CHCPIE6480755*2;CHCPIE6480755*1;CHCPIE6449915*1;CHCPIE6449915*2;CHCPIE7087685*1;CHCPIE7087685*2,23.5,6,22.0,medium,yes,,,Restricted access,+00000,2224.1,2175.5,Nyon,954.2,unknown,,unknown,,,,,,,,,,,,,,,,,,,
78,GOFAST Nyon,GOFAST,Swisscharge,CHAdeMO 60kW+Type2 22kW+CCS 150kW,2,public,car,"Chem. de la Fontaine 10, 1260 Nyon",Nyon,46.3879175,6.2198593,2506249.5,1138124.4,Google Places + OSM,9919143875,80ae5b9c-41c0-11e9-aa48-42010a840003,CH*GFT*E*Bernard*1;CH*GFT*E*Bernard*2;CH*GFT*E*Josiane*1;CH*GFT*E*Josiane*2;CH*GFT*E*Josiane*3,6.6,5,300.0,ultra-fast,yes,,Contract;Direct,Restricted access,+41800463111,1268.0,1484.5,Nyon,372.0,unknown,,unknown,,,,,,,,,,,,,,,,,,,
79,Gare CFF Nyon,,,scooter,,public,car,,Nyon,46.3839487,6.2346857,2507383.1,1137665.6,OSM,4910464050,,,,,,,,,,,,91.4,516.9,Nyon,179.5,unknown,,transit,,,,,,,,,,,,,,,,,,,
80,eCarUp,eCarUp,,Type 2 Outlet,1,public,car,"Rte de Saint-Cergue 9, 1260 Nyon",Nyon,46.385289,6.235991,2507485.8,1137813.1,Google Places,,CH*ECUE4AB6SWGDFRQCSK3MFGKYRBNKP2,CH*ECUE4AB6SWGDFRQCSK3MFGKYRBNKP2,0.0,1,11.0,medium,yes,NFC RFID Classic;NFC RFID DESFire;REMOTE,Direct,Free publicly accessible,+41415101717,103.7,340.1,Nyon,179.5,surface_lot,FALSE,errands_mixed,,,,,,,,,,,,,,,,,,,
81,MOVE Station Nyon,MOVE,Move,Type2 22kW,2,public,car,Route de Duillier 61260 Nyon,Nyon,46.3945688,6.2368466,2507567.5,1138843.5,OSM,9071549221,CH*CCI*EBB*2835*2,CH*CCI*EBB*2835*2,41.2,1,22.0,medium,yes,Direct Payment;NFC RFID Classic;NFC RFID DESFire;REMOTE,,Paying publicly accessible,+41800292929,685.4,817.3,Nyon,1034.0,street,FALSE,transit,31480,2192A2CB-7626-413F-9AB2-FFC4A7780F97,Route de Duillier 18,Operational,True,Type 2 (Socket Only),11,Level 2 : Medium (Over 2kW),1,,0.00 jaarabonnement,,,,Essent (NL),http://www.essent.nl/content/particulier/producten/elektrisch_rijden/index.html,,2016-06-04T02:37:00Z,41.2
82,Petit Perdtemps Nyon,eCarUp,,Type 2 Outlet,2,public,car,Pl. Perdtemps 11260 Nyon,Nyon,46.383613,6.2396122,2507761.5,1137622.5,OSM,4910464051,CH*ECUEZMS4PFK8HYHXHBTSEC3H7R4B2X,CH*ECUEZMS4PFK8HYHXHBTSEC3H7R4B2X,0.1,1,11.0,medium,yes,NFC RFID Classic;NFC RFID DESFire;REMOTE,Direct,Free publicly accessible,+41415101717,230.4,422.3,Nyon,327.3,surface_lot,FALSE,errands_mixed,86107,DB05392B-62D1-4D1D-8DAD-9502A7D439D5,Parking Petit Perdtemps,Operational,True,Type 1 (J1772); Type 2 (Tethered Connector) ,22,Level 2 : Medium (Over 2kW),2,Public - Membership Required,CHF 0.25/kWh + CHF 0.50 costi fissi,False,True,True,EVPass (CH),https://www.evpass.ch/,,2017-04-25T18:43:00Z,4.8
83,Débarcadère CGN Nyon,,,scooter,,public,car,,Nyon,46.3820674,6.243273,2508040.5,1137446.4,OSM,4910464048,,,,,,,,,,,,557.9,670.2,Nyon,153.0,unknown,,unknown,,,,,,,,,,,,,,,,,,,
84,Rive Nyon,eCarUp,,Type 2 Outlet,2,public,car,Rue de Rive 131260 Nyon,Nyon,46.3833815,6.2438655,2508088.3,1137591.8,OSM,4910464052,CH*ECUEVUU88TTMX9NF9EZ7K5H7ECCMCS,CH*ECUEVUU88TTMX9NF9EZ7K5H7ECCMCS,1.5,1,11.0,medium,yes,NFC RFID Classic;NFC RFID DESFire;REMOTE,Direct,Free publicly accessible,+41415101717,504.2,572.5,Nyon,145.4,street,FALSE,residential_substitute,,,,,,,,,,,,,,,,,,,
85,evpass,evpass,,Type 2 Outlet,1,public,car,1260 Nyon,Nyon,46.38412,6.24543,2508209.9,1137672.0,Google Places,,CH*ECUEDBUV8RNDVV594JRNBWTB9ZLJP2,CH*ECUEDBUV8RNDVV594JRNBWTB9ZLJP2,0.7,1,11.0,medium,yes,NFC RFID Classic;NFC RFID DESFire;REMOTE,Direct,Free publicly accessible,+41415101717,548.7,601.1,Nyon,145.4,surface_lot,FALSE,errands_mixed,,,,,,,,,,,,,,,,,,,
86,evpass Rolle,eCarUp,evpass,Type1 7.4kW+Type2 22kW,2,public,car,Rte de Saint-Cergue 121268 Begnins,Nyon,46.4407207,6.2470862,2508433.0,1143961.4,OSM,9947309266,CH*ECUE9KCYSGEJ9YUWJSJ8J8WQ7Y22MW,CH*ECUE9KCYSGEJ9YUWJSJ8J8WQ7Y22MW,11.0,1,22.0,medium,yes,NFC RFID Classic;NFC RFID DESFire;REMOTE,Direct,Free publicly accessible,+41415101717,3800.9,3143.7,Gland,1794.6,surface_lot,FALSE,errands_mixed,,,,,,,,,,,,,,,,,,,
87,evpass Gland,,evpass,Type1 7.4kW+Type2 22kW,1,public,car,,Gland,46.4255104,6.2549168,2509009.1,1142261.6,OSM,9947336122,,,,,,,,,,,,2077.4,1507.9,Gland,434.6,unknown,,unknown,,,,,,,,,,,,,,,,,,,
88,Electra,Electra,,CCS Combo 2 Plug (Cable Attached),4,public,car,"Rue des Tuillières 1, 1196 Gland",Gland,46.422375,6.258301,2509264.0,1141909.2,Google Places,,bbf2e7d6-bf82-11ef-833d-42010aa400b8,CH*ELC*EBZ9Y;CH*ELC*EKNHD;CH*ELC*EMJTK;CH*ELC*ESMX2,21.1,4,300,,no,,,Restricted access,+41435083555,1642.3,1105.1,Gland,434.6,street,FALSE,residential_substitute,461803,4DBF9C63-A636-4BFB-82E9-39C54E4E3906,Backstage,Operational,True,CCS (Type 2),300,Level 2 : Medium (Over 2kW); Level 3:  High (Over 40kW),4,Public,,,,,Electra,https://www.go-electra.com,,2025-10-05T18:27:00Z,5.3
89,GOFAST Gland,GOFAST,,CHAdeMO+CCS 300kW,8,public,car,"Av. du Mont-Blanc 38, 1196 Gland",Gland,46.414539,6.2733078,2510404.6,1141020.9,Google Places + OSM,13563091210,b486b926-9d46-11f0-bb81-42010aa40fd6,CH*GFT*E*Alexandre*1;CH*GFT*E*Alexandre*2;CH*GFT*E*Jacqueline*1;CH*GFT*E*Jacqueline*2;CH*GFT*E*Romain*1;CH*GFT*E*Romain*2;CH*GFT*E*Virginie*1;CH*GFT*E*Virginie*2;CH*GFT*E*Virginie*3,6.2,9,300.0,ultra-fast,yes,,,Restricted access,+41800463111,260.0,400.2,Gland,327.0,unknown,,unknown,,,,,,,,,,,,,,,,,,,
90,Migrol,Migrol,,Type 2 Outlet,1,public,car,"Rue Mauverney 22, 1196 Gland",Gland,46.416936,6.27578,2510598.6,1141284.5,Google Places,,CH*MIG*P*1088,CH*MIG*E*248173,0.1,1,22.0,medium,no,Direct Payment;NFC RFID Classic;NFC RFID DESFire;REMOTE,Contract,Paying publicly accessible,+41444951616,364.6,371.4,Gland,284.7,street,FALSE,residential_substitute,,,,,,,,,,,,,,,,,,,
91,MOVE,MOVE,,Type 2 Outlet,1,public,car,"Rte Suisse 35, 1196 Gland",Gland,46.41594,6.279201,2510859.9,1141169.9,Google Places,,CH*CCI*E22472,CH*CCI*E22472,0.1,1,22.0,medium,yes,Direct Payment;NFC RFID Classic;NFC RFID DESFire;REMOTE,,Paying publicly accessible,+41800292929,120.7,654.5,Gland,284.7,surface_lot,FALSE,errands_mixed,,,,,,,,,,,,,,,,,,,
92,Shell Recharge,Shell Recharge,,CCS Combo 2 Plug (Cable Attached),2,public,car,"Rte Suisse, 1196 Gland",Gland,46.418986,6.283598,2511203.0,1141503.5,Google Places,,288809d8-b30f-11ef-9730-42010aa400b8,CH*SHE*E9623*1;CH*SHE*E9653*1,0.6,2,66.0,ultra-fast,no,,,Restricted access,+41225445465,197.1,967.1,Gland,477.8,unknown,,unknown,,,,,,,,,,,,,,,,,,,
93,Move Station Aubonne,MOVE,Move,CCS Combo 2 Plug (Cable Attached),2,public,car,SOCAR La Cote/A1 Sud1183 Bursins,Aubonne,46.4448699,6.2975161,2512314.8,1144364.9,OSM,6552846030,CH*CCC*EBS*1183*3,CH*CCC*EBS*1183*3,7.5,1,50.0,fast,yes,Direct Payment;NFC RFID Classic;NFC RFID DESFire;REMOTE,,Paying publicly accessible,+41800292929,1902.4,3248.8,Rolle,186.8,highway_rest,FALSE,transit,73050,CE1F934C-FF3D-408A-9812-B1E37FA5C145,Evite a Bursins,Operational,True,CCS (Type 2); CHAdeMO; Type 2 (Socket Only),50,Level 3:  High (Over 40kW),1,Public,,,,,EVite (ch),http://www.swiss-emobility.ch/home/evite.html,2 free parking,2016-11-05T11:16:00Z,63.6
94,Fast Charger Aubonne,MOVE,,CHAdeMO+Type2,6,public,car,La Côte/A1 nord1183 Bursins,Aubonne,46.4465479,6.2976393,2512327.0,1144551.3,OSM,12587425308,CH*CCC*E50084,CH*CCC*E50084,5.2,1,224.0,ultra-fast,yes,Direct Payment;NFC RFID Classic;NFC RFID DESFire;REMOTE,,Paying publicly accessible,+41800292929,2048.0,3160.7,Rolle,186.8,highway_rest,FALSE,highway_stop,,,,,,,,,,,,,,,,,,,
95,evpass,evpass,,,,public,car,"Z. A. La Pièce 9, 1180 Rolle",Rolle,46.461568,6.324502,2514414.7,1146191.1,Google Places,,,,,,,,,,,,,2003.7,924.3,Rolle,1003.6,unknown,,unknown,,,,,,,,,,,,,,,,,,,
96,evpass,evpass,,CCS Combo 2 Plug (Cable Attached),2,public,car,"Prom. Grandes-Buttes 16, 1180 Rolle",Rolle,46.461343,6.3376,2515420.4,1146151.9,Google Places,,CH*MIG*P*1809,CH*MIG*E*248942;CH*MIG*E*248943,15.1,2,50.0,fast,no,Direct Payment;NFC RFID Classic;NFC RFID DESFire;REMOTE,Contract,Free publicly accessible,+41444951616,1360.5,408.1,Rolle,22.0,surface_lot,FALSE,errands_mixed,,,,,,,,,,,,,,,,,,,
97,Migrol,Migrol,,CCS Combo 2 Plug (Cable Attached),2,public,car,"Av. de la Gare 17, 1180 Rolle",Rolle,46.461192,6.337786,2515434.5,1146134.9,Google Places,,CH*MIG*P*1809,CH*MIG*E*248942;CH*MIG*E*248943,7.5,2,50.0,fast,no,Direct Payment;NFC RFID Classic;NFC RFID DESFire;REMOTE,Contract,Free publicly accessible,+41444951616,1338.5,399.2,Rolle,22.0,surface_lot,FALSE,transit,,,,,,,,,,,,,,,,,,,
98,eCarUp,eCarUp,,Type 2 Outlet,1,public,car,"Prom. John-Berney 2, 1180 Rolle",Rolle,46.459731,6.341018,2515680.4,1145969.0,Google Places,,CH*ECUEEBPGTU8L9U6K3DKQHEWWC4N7AS,CH*ECUEEBPGTU8L9U6K3DKQHEWWC4N7AS,11.0,1,22.0,medium,yes,NFC RFID Classic;NFC RFID DESFire;REMOTE,Direct,Free publicly accessible,+41415101717,1063.4,471.4,Rolle,296.1,surface_lot,FALSE,errands_mixed,,,,,,,,,,,,,,,,,,,
99,Shell Recharge,Shell Recharge,,CCS Combo 2 Plug (Cable Attached),2,public,car,"Rte de Lausanne 15, 1180 Rolle",Rolle,46.462721,6.344777,2515973.8,1146297.3,Google Places,,f9ab80ea-364a-11ef-bf7c-42010aa40043,CH*SHE*E984*1;CH*SHE*E983*1,0.1,2,66.0,ultra-fast,yes,,,Restricted access,+41225445465,1171.7,889.6,Rolle,439.8,unknown,,unknown,,,,,,,,,,,,,,,,,,,
100,Electra,Electra,,CCS Combo 2 Plug (Cable Attached),4,public,car,"Pré-Neuf 14, 1170 Aubonne",Aubonne,46.476919,6.394928,2519847.0,1147822.9,Google Places,,c115dcf8-3865-11f0-902d-42010aa40043,CH*ELC*EA8SY;CH*ELC*EFUFK;CH*ELC*EHFHU;CH*ELC*EHME7,7.1,4,,,no,,,Restricted access,+41435083555,656.8,906.5,Allaman,1473.9,unknown,,unknown,,,,,,,,,,,,,,,,,,,
101,Lidl,Lidl,,CCS Combo 2 Plug (Cable Attached);CHAdeMO;Type 2 Outlet,3,public,car,"Rte d'Allaman 41, 1163 Etoy",Etoy,46.474598,6.413878,2521298.8,1147545.7,Google Places,,cdc82728-5b22-11f0-803f-42010aa400b8,CH*LDL*E00000400;CH*LDL*E00000401;CH*LDL*E00000402,18.7,3,50.0,fast,no,,,Restricted access,+00000,330.1,1513.3,Allaman,1473.9,commercial_retail,TRUE,shopping,,,,,,,,,,,,,,,,,,,
102,SOCAR Charge,SOCAR,,CCS Combo 2 Plug (Cable Attached),1,public,car,"A1, 1162 Saint-Prex",Saint-Prex,46.480922,6.434445,2522887.3,1148228.2,Google Places,,CH*SOC*E5585*2B,CH*SOC*E5585*2B,25.6,1,400.0,ultra-fast,yes,Direct Payment;NFC RFID Classic;NFC RFID DESFire;REMOTE,,Paying publicly accessible,+41800292929,565.4,3237.9,Allaman,197.1,surface_lot,FALSE,errands_mixed,,,,,,,,,,,,,,,,,,,
103,Energie 360°,Energie 360°,,,,public,car,"Rte de Pallatex 50, 1162 Saint-Prex",Saint-Prex,46.479411,6.43579,2522988.4,1148058.9,Google Places,,,,,,,,,,,,,762.7,3267.5,Allaman,197.1,unknown,,unknown,,,,,,,,,,,,,,,,,,,
104,Community by Shell Recharge,Shell Recharge,,,,public,car,"Chem. Warnery 16, 1162 Saint-Prex",Saint-Prex,46.490178,6.452347,2524274.9,1149239.6,Google Places,,,,,,,,,,,,,415.8,4299.6,Morges,1714.0,unknown,,unknown,,,,,,,,,,,,,,,,,,,
105,Migrol,Migrol,,CCS Combo 2 Plug (Cable Attached),2,public,car,"Rue de la Gare 25, 1110 Morges",Morges,46.510132,6.494212,2527515.8,1151418.0,Google Places,,CH*MIG*P*1290,CH*MIG*E*247856;CH*MIG*E*247857,0.0,2,50.0,fast,no,Direct Payment;NFC RFID Classic;NFC RFID DESFire;REMOTE,Contract,Paying publicly accessible,+41444951616,16.5,417.7,Morges,374.2,street,FALSE,transit,,,,,,,,,,,,,,,,,,,
106,evpass,evpass,,,,public,car,"Chem. de Bellevue 8, 1110 Morges",Morges,46.51915,6.494571,2527555.4,1152420.1,Google Places,,,,,,,,,,,,,980.1,947.9,Morges,769.2,unknown,,unknown,,,,,,,,,,,,,,,,,,,
107,Morges South Station,Shell Recharge,,Type 2 Outlet,2,public,car,Place de la Navigation1110 Morges,Morges,46.506388,6.4970756,2527730.5,1150999.2,OSM,11521311273,59180c66-1642-11ea-af56-42010a840003,CH*SHE*E13628*1;CH*SHE*E13628*2,10.6,2,22.0,medium,yes,,,Restricted access,+41225445465,452.5,574.4,Morges,219.2,street,FALSE,transit,,,,,,,,,,,,,,,,,,,
108,evpass,evpass,,Type 2 Outlet,1,public,car,"Pl. de l'Hôtel-de-Ville 1, 1110 Morges",Morges,46.508197,6.498213,2527820.2,1151199.2,Google Places,,CH*ECUEHCJSDSKGLSJWNF24FH5YM6RY7Z,CH*ECUEHCJSDSKGLSJWNF24FH5YM6RY7Z,0.1,1,50.0,fast,yes,NFC RFID Classic;NFC RFID DESFire;REMOTE,Direct,Free publicly accessible,+41415101717,260.4,356.8,Morges,219.2,hotel,TRUE,overnight,,,,,,,,,,,,,,,,,,,
109,evpass Morges Centre,evpass,evpass,Type 2 Outlet,2,public,car,Place de l'Eglise1110 Morges,Morges,46.5105446,6.5006747,2528012.3,1151457.9,OSM,6798056878,249e490a-2474-11f0-bd81-42010aa400b8,CH*SHE*E13629*1;CH*SHE*E13629*2,17.8,2,22.0,medium,yes,,,Restricted access,+41225445465,18.5,128.7,Morges,321.9,street,FALSE,recreation,,,,,,,,,,,,,,,,,,,
110,eCarUp,eCarUp,,Type 2 Outlet,1,public,car,"Av. de Plan 8, 1110 Morges",Morges,46.517412,6.504302,2528299.8,1152218.0,Google Places,,CH*ECUEGVNGPQN8M9SBSWJ9NG7DQ8T7B2,CH*ECUEGVNGPQN8M9SBSWJ9NG7DQ8T7B2,0.0,1,11.0,medium,yes,NFC RFID Classic;NFC RFID DESFire;REMOTE,Direct,Free publicly accessible,+41415101717,715.6,776.3,Morges,597.3,surface_lot,FALSE,errands_mixed,,,,,,,,,,,,,,,,,,,
111,Shell/Migrol Morges,Shell,Migrol,CCS Combo 2 Plug (Cable Attached),2,public,car,"Rue de Lausanne 73, 1110 Morges",Morges,46.5173088,6.5121072,2528898.6,1152199.4,Google Places + OSM,10857873869,CH*MIG*P*656,CH*MIG*E*248009;CH*MIG*E*248010,3.3,2,128.0,ultra-fast,yes,Direct Payment;NFC RFID Classic;NFC RFID DESFire;REMOTE,Contract,Free publicly accessible,+41444951616,646.5,1179.8,Morges,597.3,street,FALSE,residential_substitute,,,,,,,,,,,,,,,,,,,
112,GOFAST EPFL,GOFAST,Swisscharge,CHAdeMO 60kW+Tesla 50kW+Type2 43kW+CCS 150kW,2,public,car,Allée De Savoie1015 Ecublens,Ecublens,46.5185249,6.5650971,2532966.3,1152287.8,OSM,9919117848,702372b8-3c62-11ec-a7ae-42010a840003,CH*GFT*E*Vincent*1;CH*GFT*E*Vincent*2,5.4,2,150.0,ultra-fast,yes,,Contract;Direct,Restricted access,+41800463111,1056.1,434.2,EPFL (M1),988.6,institutional,TRUE,work,,,,,,,,,,,,,,,,,,,
113,Retraites Populaires Ecublens,Retraites Populaires,evpass,Type1 7kW+Type2 22kW,2,public,car,,Lausanne,46.5248819,6.5741309,2533667.3,1152986.8,OSM,9695444596,,,,,,,,,,,,1827.2,694.6,EPFL (M1),885.3,unknown,,unknown,,,,,,,,,,,,,,,,,,,
114,Evpass Chavannes,eCarUp,Evpass,Type 2 Outlet,2,public,car,Extranef1015 Chavannes-près-Renens,Lausanne,46.5219335,6.5848792,2534488.4,1152650.0,OSM,8892139463,CH*ECUEPHSX4XJ6UDR8UBZY5UM6N4CS3A,CH*ECUEPHSX4XJ6UDR8UBZY5UM6N4CS3A,2.4,1,22.0,medium,yes,NFC RFID Classic;NFC RFID DESFire;REMOTE,Direct,Free publicly accessible,+41415101717,1583.9,1460.7,EPFL (M1),885.3,surface_lot,FALSE,errands_mixed,,,,,,,,,,,,,,,,,,,
115,Migrol UNIL 2,Migrol,Migrol,CCS Combo 2 Plug (Cable Attached),2,public,car,"Rte de Cossonay 66, 1008 Prilly",Lausanne,46.5378631,6.6014249,2535776.9,1154407.0,Google Places + OSM,11898783065,CH*MIG*P*670,CH*MIG*E*248175;CH*MIG*E*248174,17.0,2,128.0,ultra-fast,yes,Direct Payment;NFC RFID Classic;NFC RFID DESFire;REMOTE,Contract,Free publicly accessible,+41444951616,3491.7,1742.6,Renens,3.7,institutional,TRUE,work,,,,,,,,,,,,,,,,,,,
116,Migrol UNIL,Migrol,Migrol,CCS Combo 2 Plug (Cable Attached),2,public,car,Rte de Cossonay 661008 Prilly,Lausanne,46.5378395,6.6014587,2535779.5,1154404.3,OSM,11898772353,CH*MIG*P*670,CH*MIG*E*248175;CH*MIG*E*248174,20.5,2,128.0,ultra-fast,yes,Direct Payment;NFC RFID Classic;NFC RFID DESFire;REMOTE,Contract,Free publicly accessible,+41444951616,3489.3,1744.7,Renens,3.7,institutional,TRUE,work,,,,,,,,,,,,,,,,,,,
117,Virta Global,Virta Global,,Type 2 Outlet,1,public,car,"Rte des Flumeaux 41, 1008 Prilly",Prilly,46.5307,6.601486,2535773.1,1153610.7,Google Places,,CH*CCI*E22894,CH*CCI*E22894,37.3,1,22.0,medium,yes,Direct Payment;NFC RFID Classic;NFC RFID DESFire;REMOTE,,Paying publicly accessible,+41800292929,2700.1,1788.3,Renens,596.8,surface_lot,FALSE,errands_mixed,24527,F5A42AC9-C0B2-4FA0-AC65-87E16E7049BD,Alpiq InTec Romandie SA,Operational,True,CCS (Type 2); CHAdeMO; Type 2 (Socket Only),22,Level 2 : Medium (Over 2kW); Level 3:  High (Over 40kW),3,Public,Free,,,,(Unknown Operator),,,2014-10-03T17:28:00Z,19.1
118,Energie 360°,Energie 360°,,CCS Combo 2 Plug (Cable Attached);Type 2 Outlet,6,public,car,"Rte de Cossonay 28, 1008 Prilly",Prilly,46.534445,6.607074,2536206.2,1154022.4,Google Places,,CH*SWI*E61376,CH*SWI*E61376;CH*SWI*E61377;CH*SWI*E61391;CH*SWI*E61392;CH*SWI*E254466;CH*SWI*E254467,1.2,6,50.0,fast,yes,NFC RFID Classic;REMOTE,Direct,Free publicly accessible,+41713881150,3163.7,2148.7,Renens,571.8,surface_lot,FALSE,errands_mixed,,,,,,,,,,,,,,,,,,,
119,Lausanne Flon Station 2,eCarUp,,Type 2 Outlet,2,public,car,Chem. de Renens 411004 Lausanne,Lausanne,46.5275266,6.607942,2536264.6,1153252.7,OSM,12854772010,CH*ECUEL988TK3T2SGBLQ86Z2VBVE7VFA,CH*ECUEL988TK3T2SGBLQ86Z2VBVE7VFA,9.4,1,,,yes,NFC RFID Classic;NFC RFID DESFire;REMOTE,Direct,Free publicly accessible,+41415101717,2402.1,1816.0,Lausanne-Flon (M2),3.8,surface_lot,FALSE,transit,,,,,,,,,,,,,,,,,,,
120,Lausanne Flon Station,eCarUp,,Type 2 Outlet,2,public,car,Chem. de Renens 411004 Lausanne,Lausanne,46.5275201,6.6079902,2536268.3,1153251.9,OSM,12854771450,CH*ECUEL988TK3T2SGBLQ86Z2VBVE7VFA,CH*ECUEL988TK3T2SGBLQ86Z2VBVE7VFA,5.7,1,,,yes,NFC RFID Classic;NFC RFID DESFire;REMOTE,Direct,Free publicly accessible,+41415101717,2401.5,1812.3,Lausanne-Flon (M2),3.8,surface_lot,FALSE,transit,,,,,,,,,,,,,,,,,,,
121,SiL Nativa Lausanne Gare 2,Lausanne SiL,Nativa,Type 2 Outlet,2,public,car,Av. de la Chablière 121004 Lausanne,Lausanne,46.5308169,6.6152208,2536826.9,1153612.5,OSM,12823823434,CH*ECUE8UP6NBB7CW9AZN7XT43M9HGW4Q,CH*ECUE8UP6NBB7CW9AZN7XT43M9HGW4Q,8.3,1,22.0,medium,yes,NFC RFID Classic;NFC RFID DESFire;REMOTE,Direct,Free publicly accessible,+41415101717,2785.0,1555.2,Lausanne-Flon (M2),12.6,surface_lot,FALSE,transit,,,,,,,,,,,,,,,,,,,
122,SiL Nativa Lausanne Gare,Lausanne SiL,Nativa,Type 2 Outlet,2,public,car,Av. de la Chablière 121004 Lausanne,Lausanne,46.5307159,6.6152967,2536832.6,1153601.2,OSM,12823812011,CH*ECUELMKN5HS667QRFL8J8YAC22DGBX,CH*ECUELMKN5HS667QRFL8J8YAC22DGBX,3.9,1,22.0,medium,yes,NFC RFID Classic;NFC RFID DESFire;REMOTE,Direct,Free publicly accessible,+41415101717,2774.0,1543.2,Lausanne-Flon (M2),12.6,surface_lot,FALSE,transit,,,,,,,,,,,,,,,,,,,
123,eMobile Av. de Cour,,,,,public,car,,Lausanne,46.515109,6.6178945,2537013.7,1151864.3,OSM,9610795418,,,,,,,,,,,,1043.4,783.1,Grancy (M2),476.2,unknown,,unknown,,,,,,,,,,,,,,,,,,,
124,Shell Recharge,Shell Recharge,,CCS Combo 2 Plug (Cable Attached);CHAdeMO,2,public,car,"Av. du Grey, 1018 Lausanne",Lausanne,46.541697,6.618129,2537062.7,1154819.6,Google Places,,1b0d15de-eceb-11eb-9027-42010a840003,CH*SHE*E559*1;CH*SHE*E560*1,0.0,2,44.0,fast,yes,,,Restricted access,+41225445465,4002.4,2465.8,Lausanne-Flon (M2),704.7,unknown,,unknown,,,,,,,,,,,,,,,,,,,
125,evpass Lausanne Vidy,evpass,evpass,CHAdeMO+Type1+Type2+CCS,2,public,car,av. De Cour 331007 Lausanne,Lausanne,46.5124834,6.6228101,2537387.9,1151568.5,OSM,12331160384,41878074-227b-11ee-80bb-42010aa40fc0,CH*SHE*E570*1;CH*SHE*E932*1,4.0,2,22.0,medium,yes,,,Restricted access,+41225445465,762.7,431.5,Grancy (M2),476.2,unknown,,unknown,,,,,,,,,,,,,,,,,,,
126,Shell Recharge,Shell Recharge,,CCS Combo 2 Plug (Cable Attached),1,public,car,"Pl. de la Navigation 3, 1006 Lausanne",Lausanne,46.508102,6.623194,2537412.3,1151081.2,Google Places,,b600773e-4207-11e9-902f-42010a840003,CH*SHE*E12566*1,10.4,1,44.0,fast,yes,,,Restricted access,+41225445465,276.1,470.9,Ouchy-Olympique (M2),488.1,unknown,,unknown,,,,,,,,,,,,,,,,,,,
127,Shell Recharge,Shell Recharge,,CCS Combo 2 Plug (Cable Attached),1,public,car,"Rue de Genève 31, 1003 Lausanne",Lausanne,46.522164,6.626342,2537670.1,1152641.8,Google Places,,22a5d552-41c0-11e9-8882-42010a840003,CH*SHE*E12536*1,0.0,1,44.0,fast,yes,,,Restricted access,+41225445465,1848.0,287.7,Lausanne-Flon (M2),437.5,street,FALSE,residential_substitute,87274,B2525818-1AA0-4E97-B846-0D175D160558,Parking du Centre,Operational,True,Tesla (Model S/X),14,Level 2 : Medium (Over 2kW),2,Public - Membership Required,,False,True,True,Tesla (Tesla-only charging),http://www.teslamotors.com,"2 Tesla Connectors, up to 14kW.Available to the public. Self park.",2018-10-03T15:46:00Z,31.5
128,Romande Energie Lidl Prilly,Romande Energie,,CCS Combo 2 Plug (Cable Attached);CHAdeMO,2,public,car,Chemin de Maillefer 611052 Le Mont-sur-Lausanne,Lausanne,46.5425525,6.6272586,2537763.9,1154907.4,OSM,7056690715,2a7c8db6-41c0-11e9-a5d0-42010a840003,CH*SHE*E462*1;CH*SHE*E464*1;CH*SHE*E463*1,108.3,3,66.0,ultra-fast,yes,,,Restricted access,+41225445465,4116.4,2403.8,Lausanne-Flon (M2),108.2,commercial_retail,TRUE,shopping,,,,,,,,,,,,,,,,,,,
129,Shell evpass Prilly,Shell,evpass,CHAdeMO 22kW+CCS 22kW,1,public,car,Chemin de Maillefer 611052 Le Mont-sur-Lausanne,Lausanne,46.5416847,6.6278978,2537812.0,1154810.4,OSM,7056690714,2a7c8db6-41c0-11e9-a5d0-42010a840003,CH*SHE*E462*1;CH*SHE*E464*1;CH*SHE*E463*1,1.1,3,66.0,ultra-fast,yes,,,Restricted access,+41225445465,4015.3,2304.2,Lausanne-Flon (M2),108.2,street,FALSE,residential_substitute,,,,,,,,,,,,,,,,,,,
130,evpass Renens,evpass,evpass,Type 2 Outlet,2,public,car,Chem. du Rionzi 371052 Le Mont-sur-Lausanne,Lausanne,46.5457737,6.6297206,2537956.5,1155263.5,OSM,7711592681,CH*ECUEUXJUJNU8UX2BTP7RCQ8LEF29SA,CH*ECUEUXJUJNU8UX2BTP7RCQ8LEF29SA,3.3,1,,,yes,NFC RFID Classic;NFC RFID DESFire;REMOTE,Direct,Free publicly accessible,+41415101717,4453.6,2754.7,Lausanne-Flon (M2),404.7,surface_lot,FALSE,errands_mixed,,,,,,,,,,,,,,,,,,,
131,Shell Recharge,Shell Recharge,,CCS Combo 2 Plug (Cable Attached);CHAdeMO,1,public,car,"Rue du Valentin 13, 1004 Lausanne",Lausanne,46.523746,6.631577,2538073.6,1152813.5,Google Places,,1350a204-d0b8-11ed-ae46-42010aa40fc0,CH*SHE*E562*1,0.0,1,44.0,fast,yes,,,Restricted access,+41225445465,1999.9,337.4,Lausanne-Flon (M2),100.3,street,FALSE,residential_substitute,,,,,,,,,,,,,,,,,,,
132,Shell Recharge,Shell Recharge,,CCS Combo 2 Plug (Cable Attached);Type 2 Outlet,9,public,car,"Pl. de la Riponne 12, 1005 Lausanne",Lausanne,46.523781,6.632887,2538174.2,1152816.3,Google Places,,4ba80548-a779-11ec-8c91-42010a840003,CH*SHE*E13809*1;CH*SHE*E13809*2;CH*SHE*E13809*3;CH*SHE*E13809*4;CH*SHE*E13809*5;CH*SHE*E13809*6;CH*SHE*E13810*1;CH*SHE*E13811*1;CH*SHE*E13812*1,0.0,9,66.0,ultra-fast,yes,,,Restricted access,+41225445465,1993.4,393.8,Lausanne-Flon (M2),100.3,unknown,,unknown,,,,,,,,,,,,,,,,,,,
133,Shell Recharge,Shell Recharge,,CCS Combo 2 Plug (Cable Attached);Type 1 Connector (Cable Attached);Type 2 Outlet,2,public,car,"Rue Centrale 28, 1003 Lausanne",Lausanne,46.520883,6.635143,2538344.0,1152492.4,Google Places,,1138f678-ac9c-11ed-8633-42010aa40fc0,CH*SHE*E3983*1;CH*SHE*E563*1,0.0,2,22.0,medium,yes,,,Restricted access,+41225445465,1654.7,416.7,Lausanne-Flon (M2),173.3,street,FALSE,residential_substitute,,,,,,,,,,,,,,,,,,,
134,SiL Station Lausanne Ouchy,Lausanne SiL,SiL,Type 2 Outlet,2,public,car,Rue Saint-Martin 61003 Lausanne,Lausanne,46.5216661,6.6371012,2538495.1,1152577.9,OSM,9010660263,CH*ECUECK2R4KSL54KTEKNVDQG398FCYW,CH*ECUECK2R4KSL54KTEKNVDQG398FCYW,2.3,1,22.0,medium,yes,NFC RFID Classic;NFC RFID DESFire;REMOTE,Direct,Free publicly accessible,+41415101717,1725.9,571.1,Lausanne-Flon (M2),97.4,street,FALSE,transit,,,,,,,,,,,,,,,,,,,
135,Energie 360°,Energie 360°,,CCS Combo 2 Plug (Cable Attached),4,public,car,"Rue Caroline 6, 1003 Lausanne",Lausanne,46.520846,6.637549,2538528.5,1152486.4,Google Places,,CH*SWI*E279642,CH*SWI*E279642;CH*SWI*E279643;CH*SWI*E280991;CH*SWI*E280992,16.6,4,50.0,fast,yes,NFC RFID Classic;REMOTE,Direct,Free publicly accessible,+41713881150,1631.6,600.8,Lausanne-Flon (M2),97.4,street,FALSE,residential_substitute,,,,,,,,,,,,,,,,,,,
136,Shell Recharge,Shell Recharge,,,,public,car,"Av. Mon-Repos 5, 1005 Lausanne",Lausanne,46.519155,6.640658,2538765.2,1152296.0,Google Places,,,,,,,,,,,,,1419.8,863.2,Lausanne-Flon (M2),303.2,unknown,,unknown,,,,,,,,,,,,,,,,,,,
137,MOVE,MOVE,,Type 2 Outlet,1,public,car,"Av. de Crousaz 10, 1010 Lausanne",Lausanne,46.540437,6.651494,2539620.5,1154653.3,Google Places,,CH*CCI*E20891,CH*CCI*E20891,1.8,1,22.0,medium,yes,Direct Payment;NFC RFID Classic;NFC RFID DESFire;REMOTE,,Paying publicly accessible,+41800292929,3724.0,2729.6,Lausanne-Flon (M2),513.7,surface_lot,FALSE,errands_mixed,,,,,,,,,,,,,,,,,,,
138,MOVE,MOVE,,Type 2 Outlet,1,public,car,"Rte de Berne 144, 1010 Lausanne",Lausanne,46.540592,6.658206,2540135.5,1154665.4,Google Places,,CH*ECUEX2U2SXD3MHK7FLVLHWE8CDNJSQ,CH*ECUEX2U2SXD3MHK7FLVLHWE8CDNJSQ,24.8,1,22.0,medium,yes,NFC RFID Classic;NFC RFID DESFire;REMOTE,Direct,Free publicly accessible,+41415101717,3769.6,3082.4,Lausanne-Flon (M2),325.7,surface_lot,FALSE,errands_mixed,,,,,,,,,,,,,,,,,,,
139,Shell Recharge,Shell Recharge,,CCS Combo 2 Plug (Cable Attached);CHAdeMO;Type 1 Connector (Cable Attached);Type 2 Outlet,3,public,car,"Av. du Tirage 6, 1009 Pully",Pully,46.511236,6.658822,2540150.2,1151401.7,Google Places,,b6d331a6-4207-11e9-99e0-42010a840003,CH*SHE*E2693*1;CH*SHE*E541*1;CH*SHE*E2723*1,6.4,3,22.0,medium,yes,,,Restricted access,+41225445465,510.0,329.4,Pully,129.1,unknown,,unknown,,,,,,,,,,,,,,,,,,,
140,evpass Pully,evpass,evpass,Type 1 Connector (Cable Attached);Type 2 Outlet,2,public,car,"Parking Pré des Clos, Chemin du Pré des Clos1009 Pully",Pully,46.5100889,6.6590865,2540169.3,1151274.0,OSM,6485087458,4fba23b0-8eee-11e9-bd2d-42010a840003,CH*SHE*E5123*1;CH*SHE*E5153*1,2.6,2,22.0,medium,yes,,,Restricted access,+41225445465,383.7,250.3,Pully,129.1,underground_parking,TRUE,errands_mixed,,,,,,,,,,,,,,,,,,,
141,EPFL Area Station,eCarUp,,Type 2 Outlet,1,public,car,Chem. des Croisettes 261066 Epalinges,Pully,46.5433709,6.6595516,2540241.8,1154973.2,OSM,6080425336,CH*ECUEWL825ZQJQRPW2BC2ST67DKFD2A,CH*ECUEWL825ZQJQRPW2BC2ST67DKFD2A,13.5,1,22.0,medium,yes,NFC RFID Classic;NFC RFID DESFire;REMOTE,Direct,Free publicly accessible,+41415101717,4084.4,3376.7,Lausanne-Flon (M2),157.7,institutional,TRUE,transit,,,,,,,,,,,,,,,,,,,
142,Shell Recharge,Shell Recharge,,CCS Combo 2 Plug (Cable Attached);CHAdeMO;Type 1 Connector (Cable Attached);Type 2 Outlet,2,public,car,"Rte du Port, 1009 Pully",Pully,46.505821,6.660915,2540304.9,1150798.1,Google Places,,04c9a822-3e3b-11ec-9b50-42010a840003,CH*SHE*E561*1;CH*SHE*E931*1,2.7,2,44.0,fast,yes,,,Restricted access,+41225445465,82.5,409.9,Pully,431.2,unknown,,recreation,,,,,,,,,,,,,,,,,,,
143,Epalinges Station,,,,2,public,car,,Pully,46.5427471,6.6614038,2540383.1,1154902.5,OSM,12676102822,,,,,,,,,,,,4023.4,3424.8,Lausanne-Flon (M2),157.7,unknown,,transit,,,,,,,,,,,,,,,,,,,
144,evpass Pully 2,evpass,evpass,CCS Combo 2 Plug (Cable Attached),3,public,car,"Av. Samson-Reymondin, 1009 Pully",Pully,46.5095458,6.6624821,2540429.3,1151211.0,Google Places + OSM,12628291964,3bb16324-2502-11ef-aa61-42010aa40043,CH*SHE*E977*1;CH*SHE*E979*1;CH*SHE*E978*1,0.7,3,66.0,ultra-fast,yes,,,Restricted access,+41225445465,338.4,27.0,Pully,266.8,unknown,,unknown,,,,,,,,,,,,,,,,,,,
145,Croix-Blanche Station,eCarUp,,Type 2 Outlet,1,public,car,Rte de la Croix-Blanche 27a1066 Epalinges,Lutry,46.5484887,6.6719333,2541197.0,1155532.8,OSM,12307015501,CH*ECUEJGBVBFJRYA55XZVFKE68BZ4RKA,CH*ECUEJGBVBFJRYA55XZVFKE68BZ4RKA,14.7,1,22.0,medium,yes,NFC RFID Classic;NFC RFID DESFire;REMOTE,Direct,Free publicly accessible,+41415101717,4708.2,4409.8,Pully,1027.6,surface_lot,FALSE,transit,,,,,,,,,,,,,,,,,,,
146,evpass,evpass,,Type 2 Outlet,1,public,car,"Rte de la Conversion 289, 1093 Lutry",Lutry,46.513261,6.677518,2541587.3,1151612.7,Google Places,,CH*ECUES5CER9YLSHQ4E74BCYG5WVK9P2,CH*ECUES5CER9YLSHQ4E74BCYG5WVK9P2,1.3,1,22.0,medium,yes,NFC RFID Classic;NFC RFID DESFire;REMOTE,Direct,Free publicly accessible,+41415101717,825.2,1006.7,Lutry,1222.5,surface_lot,FALSE,errands_mixed,,,,,,,,,,,,,,,,,,,
147,evpass Lutry,evpass,evpass,Type 2 Outlet,2,public,car,Rue des Terreaux 6-81095 Lutry,Lutry,46.5033799,6.6848311,2542137.9,1150508.8,OSM,7235940191,CH*ECUEK274QEYAQRA95RENXJ528QJ5U2,CH*ECUEK274QEYAQRA95RENXJ528QJ5U2,6.2,1,,,yes,NFC RFID Classic;NFC RFID DESFire;REMOTE,Direct,Free publicly accessible,+41415101717,202.8,349.6,Lutry,1233.1,street,FALSE,residential_substitute,,,,,,,,,,,,,,,,,,,
148,Plenitude On The Road,Plenitude,,CCS Combo 2 Plug (Cable Attached);Type 2 Outlet,3,public,car,"A9, 1091 Bourg-en-Lavaux",Bourg-en-Lavaux,46.50553,6.70897,2543993.0,1150730.3,Google Places,,4fb03e04-8eee-11e9-84a2-42010a840003,CH*PLN*EH000417*1;CH*PLN*EH000417*2;CH*PLN*EH000417*3,3.1,3,,,no,,,Restricted access,+41912600855,430.7,1753.0,Lutry,119.6,unknown,,unknown,,,,,,,,,,,,,,,,,,,
149,MOVE,MOVE,,Type 2 Outlet,1,public,car,"Autoroute du Rhône, 1091 Bourg-en-Lavaux",Bourg-en-Lavaux,46.505273,6.710488,2544109.2,1150700.6,Google Places,,CH*CCC*E50385,CH*CCC*E50385,0.0,1,22.0,medium,yes,Direct Payment;NFC RFID Classic;NFC RFID DESFire;REMOTE,,Paying publicly accessible,+41800292929,451.0,1870.7,Lutry,119.6,highway_rest,FALSE,highway_stop,,,,,,,,,,,,,,,,,,,
150,Shell Recharge,Shell Recharge,,CCS Combo 2 Plug (Cable Attached),2,public,car,"Rte de Sous-la-Ville 2, 1070 Puidoux",Puidoux,46.49166,6.769868,2548654.0,1149146.7,Google Places,,68d82354-2b07-11eb-9bf6-42010a840003,CH*SHE*E599*1;CH*SHE*E599*2,3.0,2,160.0,ultra-fast,yes,,,Restricted access,+41225445465,1494.7,2043.3,Rivaz,1066.3,unknown,,unknown,,,,,,,,,,,,,,,,,,,
151,Shell Recharge,Shell Recharge,,CCS Combo 2 Plug (Cable Attached);CHAdeMO,1,public,car,"Rte de la Corniche 4, 1070 Chexbres",Chexbres,46.480831,6.773422,2548916.6,1147940.7,Google Places,,c054a57a-2bd0-11eb-8b87-42010a840003,CH*SHE*E556*1,0.0,1,22.0,medium,yes,,,Restricted access,+41225445465,596.8,1392.4,Rivaz,337.9,unknown,,unknown,,,,,,,,,,,,,,,,,,,
152,Shell Recharge,Shell Recharge,,Type 2 Outlet,1,public,car,"Le Boulevard, 1071 Chexbres",Chexbres,46.483147,6.77628,2549138.3,1148196.2,Google Places,,CH*ECUEN3L7M8GWWFZ2575BYJCSCGPVNX,CH*ECUEN3L7M8GWWFZ2575BYJCSCGPVNX,6.7,1,22.0,medium,yes,NFC RFID Classic;NFC RFID DESFire;REMOTE,Direct,Free publicly accessible,+41415101717,929.8,1704.8,Rivaz,337.9,surface_lot,FALSE,errands_mixed,,,,,,,,,,,,,,,,,,,
153,MOVE,MOVE,,Type 2 Outlet,1,public,car,"Rte de Sallaz 4, 1071 Rivaz",Rivaz,46.475885,6.779911,2549410.3,1147386.6,Google Places,,CH*CCI*E22681,CH*CCI*E22681,0.0,1,11.0,medium,yes,Direct Payment;NFC RFID Classic;NFC RFID DESFire;REMOTE,,Paying publicly accessible,+41800292929,370.5,1389.6,St-Saphorin,741.2,surface_lot,FALSE,errands_mixed,,,,,,,,,,,,,,,,,,,
154,evpass,evpass,,Type 2 Outlet,1,public,car,"Rue du Village, 1803 Chardonne",Chardonne,46.476526,6.828927,2553175.2,1147427.4,Google Places,,CH*ECUEFNLZWHYU5F4734MVN4E35X9JWA,CH*ECUEFNLZWHYU5F4734MVN4E35X9JWA,6.4,1,22.0,medium,yes,NFC RFID Classic;NFC RFID DESFire;REMOTE,Direct,Free publicly accessible,+41415101717,1588.4,1965.7,Vevey,689.6,street,FALSE,residential_substitute,,,,,,,,,,,,,,,,,,,
155,GreenMotion,GreenMotion,,Type 2 Outlet,1,public,car,"Chem. du Pèlerin, 1801 Chardonne",Chardonne,46.482243,6.832416,2553448.0,1148060.8,Google Places,,CH*ECUEQTZ94MX7MN2728FUJEGMYJZWJW,CH*ECUEQTZ94MX7MN2728FUJEGMYJZWJW,4.5,1,22.0,medium,yes,NFC RFID Classic;NFC RFID DESFire;REMOTE,Direct,Free publicly accessible,+41415101717,2269.9,2456.0,Vevey,689.6,surface_lot,FALSE,errands_mixed,,,,,,,,,,,,,,,,,,,
156,Plenitude On The Road,Plenitude,,CCS Combo 2 Plug (Cable Attached);Type 2 Outlet,3,public,car,"Rte de Lavaux 8, 1802 Corseaux",Corseaux,46.468564,6.833058,2553485.6,1146539.9,Google Places,,e74dfa02-4e0b-11f0-a947-42010aa400b8,CH*PLN*EH000666*1;CH*PLN*EH000666*2;CH*PLN*EH000666*3,5.6,3,,,no,,,Restricted access,+41912600855,801.4,1047.0,Vevey,550.1,unknown,,unknown,,,,,,,,,,,,,,,,,,,
157,evpass Montreux West,Shell Recharge,evpass,Type1 7kW+Type2 22kW,1,public,car,"Av. Reller 22, 1800 Vevey",La Tour-de-Peilz,46.4668226,6.8397803,2554000.4,1146342.3,Google Places + OSM,9094608696,d1f76f56-4207-11e9-ae5a-42010a840003,CH*SHE*E2873*1;CH*SHE*E544*1,1.1,2,22.0,medium,yes,,,Restricted access,+41225445465,734.2,656.5,Vevey,321.8,unknown,,unknown,,,,,,,,,,,,,,,,,,,
158,Migrol,Migrol,,CCS Combo 2 Plug (Cable Attached),2,public,car,"Av. Gustave-Coindet 11, 1800 Vevey",Vevey,46.463941,6.840162,2554027.3,1146021.8,Google Places,,CH*MIG*P*1188,CH*MIG*E*246853;CH*MIG*E*246854,0.0,2,50.0,fast,no,Direct Payment;NFC RFID Classic;NFC RFID DESFire;REMOTE,Contract,Paying publicly accessible,+41444951616,429.3,336.6,Vevey,130.5,surface_lot,FALSE,errands_mixed,,,,,,,,,,,,,,,,,,,
159,Shell Recharge,Shell Recharge,,Type 2 Outlet,2,public,car,"Av. du Général-Guisan 1, 1800 Vevey",Vevey,46.462776,6.840363,2554041.7,1145892.1,Google Places,,4f8f7ab6-8eee-11e9-8399-42010a840003,CH*SHE*E6683*1;CH*SHE*E6683*2,0.0,2,22.0,medium,yes,,,Restricted access,+41225445465,306.9,207.6,Vevey,130.5,unknown,,unknown,,,,,,,,,,,,,,,,,,,
160,Move Montreux Station,MOVE,Move,Type2 22kW,1,public,car,,Vevey,46.4599597,6.8416619,2554139.1,1145578.3,OSM,9094608715,,,,,,,,,,,,53.7,121.0,Vevey,5.6,unknown,,transit,,,,,,,,,,,,,,,,,,,
161,MOVE Montreux Station 2,MOVE,Move,Type2 24kW,1,public,car,,La Tour-de-Peilz,46.4600065,6.8416884,2554141.2,1145583.5,OSM,9094608714,,,,,,,,,,,,59.3,116.6,Vevey,5.6,unknown,,transit,,,,,,,,,,,,,,,,,,,
162,Shell Recharge,Shell Recharge,,Type 1 Connector (Cable Attached);Type 2 Outlet,1,public,car,"Chau. de la Guinguette 10, 1800 Vevey",Vevey,46.463707,6.84383,2554308.8,1145993.6,Google Places,,cb927f52-4207-11e9-83ba-42010a840003,CH*SHE*E919*1,0.1,1,22.0,medium,yes,,,Restricted access,+41225445465,500.9,362.2,Vevey,282.1,unknown,,unknown,,,,,,,,,,,,,,,,,,,
163,evpass,evpass,,Type 2 Outlet,1,public,car,"Rue du Collège 8, 1804 Corsier-sur-Vevey",Corsier-sur-Vevey,46.470552,6.845211,2554420.7,1146753.7,Google Places,,CH*ECUEARCH9ZWH73KLB78ZYUY3MDTR3W,CH*ECUEARCH9ZWH73KLB78ZYUY3MDTR3W,9.3,1,22.0,medium,yes,NFC RFID Classic;NFC RFID DESFire;REMOTE,Direct,Free publicly accessible,+41415101717,1240.8,1105.7,Vevey,587.3,street,FALSE,residential_substitute,,,,,,,,,,,,,,,,,,,
164,evpass Montreux Parking,Shell Recharge,evpass,Type1 7kW+Type2 22kW,1,public,car,"Rue du Clos 9, 1800 Vevey",La Tour-de-Peilz,46.4602005,6.8468947,2554541.3,1145602.0,Google Places + OSM,9094608704,5e8396a0-e3a3-11ea-9379-42010a840033,CH*SHE*E6533*3;CH*SHE*E982*1;CH*SHE*E6533*2;CH*SHE*E981*1;CH*SHE*E6533*1,9.5,5,22.0,medium,yes,,,Restricted access,+41225445465,259.4,445.2,Vevey,399.4,underground_parking,TRUE,errands_mixed,81421,5E7A1562-B69A-4648-BED0-E8CA580DA8B2,Hotel des Trois Couronnes et Destination Spa,Operational,True,Tesla (Model S/X),22,Level 2 : Medium (Over 2kW),2,"Private - For Staff, Visitors or Customers",Free,False,False,False,Tesla (Tesla-only charging),http://www.teslamotors.com,"2 Tesla Connectors, up to 22kW.Available for patrons only. Please call ahead.",2018-10-03T21:59:00Z,199.8
165,MOVE,MOVE,,Type 2 Outlet,1,public,car,"Rte de Fenil 2, 1804 Corsier-sur-Vevey",Corsier-sur-Vevey,46.475761,6.852593,2554992.0,1147328.5,Google Places,,CH*CCC*E50136,CH*CCC*E50136,0.0,1,22.0,medium,yes,Direct Payment;NFC RFID Classic;NFC RFID DESFire;REMOTE,,Paying publicly accessible,+41800292929,2001.6,1858.9,Vevey,809.4,surface_lot,FALSE,errands_mixed,,,,,,,,,,,,,,,,,,,
166,evpass La Tour-de-Peilz N,,evpass,Type1 3.7kW+Type2 22kW,1,public,car,,Vevey,46.4613831,6.8539636,2555085.3,1145729.4,OSM,9094687306,,,,,,,,,,,,622.3,863.7,La Tour-de-Peilz,464.6,unknown,,unknown,,,,,,,,,,,,,,,,,,,
167,evpass Nestlé Visitors,Shell Recharge,evpass,Type1 7kW+Type2 22kW,1,customers,car,"Rue d'Entre-deux-Villes 12, 1814 La Tour-de-Peilz",Vevey,46.4572233,6.85453,2555125.4,1145266.7,Google Places + OSM,9094651074,4f8a59aa-8eee-11e9-9665-42010a840003,CH*SHE*E546*1;CH*SHE*E2933*1,1.6,2,22.0,medium,yes,,,Restricted access,+41225445465,229.1,458.9,La Tour-de-Peilz,293.8,street,FALSE,residential_substitute,104301,BC344DFA-2813-40A7-A2D7-8B587BAF9B24,Grand Hotel du Lac,Operational,True,Tesla (Model S/X),11,Level 2 : Medium (Over 2kW),2,Public - Membership Required,,False,True,True,Tesla (Tesla-only charging),http://www.teslamotors.com,"2 Tesla Connectors, up to 11kW.Available for customers. Please see valet.",2018-10-03T21:17:00Z,195.3
168,Plenitude On The Road,Plenitude,,CCS Combo 2 Plug (Cable Attached);Type 2 Outlet,6,public,car,"Rue d'Entre-deux-Villes 1, 1814 La Tour-de-Peilz",La Tour-de-Peilz,46.45461,6.855097,2555166.8,1144975.8,Google Places,,eb270610-bf08-11ef-8c39-42010aa400b8,CH*PLN*EH000479*1;CH*PLN*EH000479*2;CH*PLN*EH000479*3;CH*PLN*EH000480*1;CH*PLN*EH000480*2;CH*PLN*EH000480*3,10.2,6,,,no,,,Restricted access,+41912600855,10.5,292.3,La Tour-de-Peilz,293.8,street,FALSE,residential_substitute,,,,,,,,,,,,,,,,,,,
169,Shell Recharge,Shell Recharge,,Type 1 Connector (Cable Attached);Type 2 Outlet,1,public,car,"Grand-Rue 5, 1814 La Tour-de-Peilz",La Tour-de-Peilz,46.452346,6.8576,2555357.2,1144722.7,Google Places,,3a8a3746-a375-11e9-bbd8-42010a840003,CH*SHE*E5243*1,0.0,1,22.0,medium,yes,,,Restricted access,+41225445465,148.3,249.2,La Tour-de-Peilz,71.7,street,FALSE,residential_substitute,,,,,,,,,,,,,,,,,,,
170,Shell Recharge,Shell Recharge,,CCS Combo 2 Plug (Cable Attached);CHAdeMO;Type 1 Connector (Cable Attached);Type 2 Outlet,3,public,car,"Pl. des Anciens-Fossés 7, 1814 La Tour-de-Peilz",La Tour-de-Peilz,46.452439,6.858526,2555428.4,1144732.6,Google Places,,4f86454a-8eee-11e9-a727-42010a840003,CH*SHE*E548*1;CH*SHE*E3263*1;CH*SHE*E3293*1,0.0,3,22.0,medium,yes,,,Restricted access,+41225445465,106.9,219.9,La Tour-de-Peilz,71.7,unknown,,unknown,,,,,,,,,,,,,,,,,,,
171,evpass Vevey Centre 2,,evpass,Type1 7kW+Type2 22kW,1,public,car,,Vevey,46.449747,6.8594381,2555496.3,1144432.8,OSM,9094651100,,,,,,,,,,,,334.8,519.0,La Tour-de-Peilz,6.5,unknown,,unknown,,,,,,,,,,,,,,,,,,,
172,evpass Vevey Centre,,evpass,Type1 7kW+Type2 22kW,1,public,car,,Vevey,46.4497224,6.8595156,2555502.2,1144430.0,OSM,9094651099,,,,,,,,,,,,334.2,522.3,La Tour-de-Peilz,6.5,unknown,,unknown,,,,,,,,,,,,,,,,,,,
173,evpass La Tour-de-Peilz,GreenMotion,evpass,Type1 7kW+Type2 22kW,1,public,car,"Sent. de la Crausaz, 1814 La Tour-de-Peilz",Vevey,46.4569883,6.8663745,2556035.1,1145233.8,Google Places + OSM,9094687305,,,,,,,,,,,,629.4,640.8,La Tour-de-Peilz,785.7,unknown,,unknown,,,,,,,,,,,,,,,,,,,
174,Mercedes Private Vevey,Mercedes,Mercedes,Type2 22kW,1,private,car,,Montreux,46.4486627,6.8720313,2556463.0,1144305.2,OSM,9094687310,,,,,,,,,,,,45.8,1191.2,La Tour-de-Peilz,966.1,car_dealer,TRUE,car_service,,,,,,,,,,,,,,,,,,,
175,bike-energy Clarens,bike-energy,bike-energy,e-bike charging,5,public,e-bike,"Sentier Derrière-le-Four, 1806 Saint-Légier-L1806 Saint-Légier-La Chiésaz",Montreux,46.4709825,6.8812096,2557185.9,1146781.2,OSM,12814214092,dd96cb04-4207-11e9-bd91-42010a840003,CH*SHE*E2813*1;CH*SHE*E2843*1,58.0,2,22.0,medium,yes,,,Restricted access,+41225445465,2548.0,2513.9,La Tour-de-Peilz,60.1,unknown,,unknown,,,,,,,,,,,,,,,,,,,
176,evpass Clarens,Shell Recharge,evpass,Type1 7kW+Type2 22kW,1,public,car,"Sentier Derrière-le-Four, 1806 Saint-Légier-L1806 Saint-Légier-La Chiésaz",Montreux,46.4714529,6.8815966,2557216.0,1146833.3,OSM,9094687327,dd96cb04-4207-11e9-bd91-42010a840003,CH*SHE*E2813*1;CH*SHE*E2843*1,23.3,2,22.0,medium,yes,,,Restricted access,+41225445465,2608.2,2572.5,La Tour-de-Peilz,60.1,unknown,,unknown,,,,,,,,,,,,,,,,,,,
177,evpass Corseaux,Shell Recharge,evpass,Type1 7kW+Type2 22kW,1,public,car,"Commune de Blonay, Parking des Oches, 1807 Bl1807 Blonay",Montreux,46.4646545,6.8962401,2558335.4,1146069.7,OSM,9094694775,4f7e7e46-8eee-11e9-8c5d-42010a840003,CH*SHE*E2453*1;CH*SHE*E2513*1,2.9,2,22.0,medium,yes,,,Restricted access,+41225445465,2496.0,3079.1,La Tour-de-Peilz,1349.2,underground_parking,TRUE,errands_mixed,,,,,,,,,,,,,,,,,,,
178,MOVE,MOVE,,Type 2 Outlet,1,public,car,"Rue Alexandre-Emery 2, 1820 Montreux",Montreux,46.438232,6.905937,2559060.3,1143127.4,Google Places,,CH*CCI*E21076,CH*CCI*E21076,20.7,1,22.0,medium,yes,Direct Payment;NFC RFID Classic;NFC RFID DESFire;REMOTE,,Paying publicly accessible,+41800292929,58.4,350.1,Montreux,476.4,street,FALSE,residential_substitute,84060,9165C7DB-717D-4B04-8822-E16FDBBB3783,Fairmont le Montreux Palace,Operational,True,Tesla (Model S/X),22,Level 2 : Medium (Over 2kW),2,Public - Notice Required,,False,False,False,Tesla (Tesla-only charging),http://www.teslamotors.com,"2 Tesla Connectors, up to 22kW.Available by reservation only. Please see valet.",2018-10-03T18:03:00Z,90.9
179,evpass Montreux Centre,GreenMotion,evpass,Type1 7kW+Type2 22kW,2,public,car,"Grand' Rue, 1820 Montreux",Montreux,46.4326358,6.9099375,2559363.5,1142503.2,Google Places + OSM,9158267103,CH*ECUE9TGW9MN8XGJTG5ESEV6TCEA5MZ,CH*ECUE9TGW9MN8XGJTG5ESEV6TCEA5MZ,12.3,1,22.0,medium,yes,NFC RFID Classic;NFC RFID DESFire;REMOTE,Direct,Free publicly accessible,+41415101717,326.3,496.8,Montreux,319.8,surface_lot,FALSE,errands_mixed,86106,49C815AE-6D92-4E56-954A-46CDD4E4FAE6,Parking du Marché-Forum,Operational,True,Type 1 (J1772); Type 2 (Tethered Connector) ,22,Level 2 : Medium (Over 2kW),2,Public - Membership Required,CHF 0.25/kWh + CHF 0.50 costi fissi,False,True,True,EVPass (CH),https://www.evpass.ch/,,2017-04-25T18:43:00Z,8.6
180,evpass Montreux Parkhaus 2,Shell Recharge,evpass,Type1 7kW+Type2 22kW,2,public,car,"Parking de la Gare, Avenue des Alpes, 1820 Mo1820 Montreux",Montreux,46.4354654,6.9106841,2559423.1,1142817.4,OSM,9158267095,09c8cfb8-ff74-11e9-9620-42010a840003,CH*SHE*E7253*1;CH*SHE*E7253*2,19.2,2,22.0,medium,yes,,,Restricted access,+41225445465,25.1,185.5,Montreux,319.8,underground_parking,TRUE,transit,,,,,,,,,,,,,,,,,,,
181,MOVE,MOVE,,CCS Combo 2 Plug (Cable Attached),1,public,car,"Rue du Théâtre 9, 1820 Montreux",Montreux,46.429463,6.912206,2559535.5,1142149.3,Google Places,,CH*CCI*E20217,CH*CCI*E20217,2.4,1,24.0,fast,yes,Direct Payment;NFC RFID Classic;NFC RFID DESFire;REMOTE,,Paying publicly accessible,+41800292929,544.4,863.0,Montreux,393.3,street,FALSE,residential_substitute,,,,,,,,,,,,,,,,,,,
182,Fastned Le Pertit A9,Fastned,Fastned,CHAdeMO 50kW+CCS 300kW,4,public,car,"A9 Le Pertit Lac, 1822 Montreux",Montreux,46.4379706,6.9160331,2559836.0,1143093.1,Google Places + OSM,11672230207,50877,CHFASE4110101;CHFASE4110102;CHFASE4110103;CHFASE4110104,9.2,4,300.0,ultra-fast,yes,Direct Payment;NFC RFID Classic;REMOTE,Contract;Direct,Free publicly accessible,+41415391092,422.1,457.3,Montreux,136.9,highway_rest,FALSE,highway_stop,,,,,,,,,,,,,,,,,,,
183,Fastned Le Pertit A9 (2),Fastned,Fastned,CHAdeMO 50kW+CCS 300kW,4,public,car,"A9 Le Pertit Montagne, 1822 Montreux",Montreux,46.439192,6.9162584,2559854.2,1143228.7,Google Places + OSM,11672230206,50878,CHFASE4110201;CHFASE4110202;CHFASE4110203;CHFASE4110204,18.0,4,300.0,ultra-fast,yes,Direct Payment;NFC RFID Classic;REMOTE,Contract;Direct,Free publicly accessible,+41415391092,548.3,519.3,Montreux,136.9,highway_rest,FALSE,highway_stop,,,,,,,,,,,,,,,,,,,
184,evpass Montreux Parkhaus,Shell Recharge,evpass,Type1 7kW+Type2 22kW,2,public,car,"Parking du Donner, Rue Carlo-Boller 2, 1820 M1820 Montreux",Montreux,46.4314964,6.9164566,2559863.8,1142373.2,OSM,9158267104,a70dd370-4207-11e9-a875-42010a840003,CH*SHE*E6563*1;CH*SHE*E6563*2,2.6,2,22.0,medium,yes,,,Restricted access,+41225445465,184.9,677.6,Territet,396.5,underground_parking,TRUE,errands_mixed,,,,,,,,,,,,,,,,,,,
185,evpass Villeneuve Marina,Plenitude On The Road,evpass,Type1 7kW+Type2 22kW,2,public,car,Rte du Simplon 201845 Noville,Villeneuve,46.3873166,6.9199221,2560097.6,1137460.3,OSM,9157629399,cff038a0-6343-11f0-ac03-42010aa400b8,CH*PLN*EH000481*1;CH*PLN*EH000481*2;CH*PLN*EH000481*3;CH*PLN*EH000488*1;CH*PLN*EH000488*2;CH*PLN*EH000488*3,38.7,6,,,no,,,Restricted access,+41912600855,1341.2,1580.2,Villeneuve,17.4,unknown,,recreation,,,,,,,,,,,,,,,,,,,
186,CEE Station Villeneuve,Plenitude On The Road,,CEE 7kW+22kW,6,public,car,Rte du Simplon 201845 Noville,Villeneuve,46.3873852,6.9201258,2560113.3,1137467.8,OSM,6046887806,cff038a0-6343-11f0-ac03-42010aa400b8,CH*PLN*EH000481*1;CH*PLN*EH000481*2;CH*PLN*EH000481*3;CH*PLN*EH000488*1;CH*PLN*EH000488*2;CH*PLN*EH000488*3,27.2,6,,,no,,,Restricted access,+41912600855,1327.3,1566.9,Villeneuve,17.4,unknown,,transit,,,,,,,,,,,,,,,,,,,
187,evpass Villeneuve Fast,Shell Recharge,evpass,CHAdeMO 50kW+Type2 22kW+CCS 50kW,1,public,car,"Rte du Simplon 35, 1845 Noville",Villeneuve,46.3852556,6.9215168,2560218.7,1137230.3,Google Places + OSM,9157722633,8f87d2d2-a1f4-11ec-8422-42010a840003,CH*SHE*E600*2;CH*SHE*E600*1,12.9,2,160.0,ultra-fast,yes,,,Restricted access,+41225445465,1503.5,1751.9,Villeneuve,259.7,unknown,,unknown,,,,,,,,,,,,,,,,,,,
188,evpass Villeneuve,Shell Recharge,evpass,Type1 7kW+Type2 22kW,1,public,car,"Quai Grand Rive 11, 1846 Villeneuve (VD)",Villeneuve,46.3952107,6.9217618,2560244.9,1138336.9,Google Places + OSM,9157668950,45e2c7aa-41c0-11e9-b306-42010a840003,CH*SHE*E917*1,2.2,1,22.0,medium,yes,,,Restricted access,+41225445465,570.7,756.1,Villeneuve,329.9,street,FALSE,recreation,,,,,,,,,,,,,,,,,,,
189,eCarUp,eCarUp,,CCS Combo 2 Plug (Cable Attached),1,public,car,"Rue de la Poterlaz, 1844 Villeneuve",Villeneuve,46.396297,6.925765,2560553.6,1138455.6,Google Places,,CH*ECUEBQEY7UCU5KJNE2ZUDA7QY4762W,CH*ECUEBQEY7UCU5KJNE2ZUDA7QY4762W,31.3,1,44.0,fast,yes,NFC RFID Classic;NFC RFID DESFire;REMOTE,Direct,Free publicly accessible,+41415101717,255.7,485.7,Villeneuve,329.9,street,FALSE,residential_substitute,,,,,,,,,,,,,,,,,,,
190,evpass Territet Hotel,Shell Recharge,evpass,Type1 7kW+Type2 22kW,1,customers,car,"Parking Public Hôtel Victoria, Route de Caux1823 Glion",Montreux,46.4321519,6.9260538,2560601.9,1142441.2,OSM,9158302469,6bfb030e-41d1-11eb-afcd-42010a840003,CH*SHE*E5033*1;CH*SHE*E5063*1,82.3,2,22.0,medium,yes,,,Restricted access,+41225445465,424.2,201.0,Territet,739.1,underground_parking,TRUE,errands_mixed,,,,,,,,,,,,,,,,,,,
191,Move Villeneuve,MOVE,Move,Type2 22kW,2,public,car,Route des Deux Chênes 111847 Rennaz,Villeneuve,46.382901,6.9279282,2560710.2,1136965.4,OSM,9157906203,CH*CCI*E21582,CH*CCI*E21582,11.0,1,11.0,medium,yes,Direct Payment;NFC RFID Classic;NFC RFID DESFire;REMOTE,,Paying publicly accessible,+41800292929,1680.8,1934.9,Villeneuve,454.9,street,FALSE,residential_substitute,,,,,,,,,,,,,,,,,,,
192,Swisscharge Villeneuve,Energie 360°,Swisscharge,Type2 22kW,2,public,car,"ZI D 107, 1844 Villeneuve",Villeneuve,46.3867689,6.9298614,2560861.7,1137394.4,Google Places + OSM,9157939763,CH*SWI*E29485,CH*SWI*E29485;CH*SWI*E29486;CH*SWI*E241693;CH*SWI*E241694,21.7,4,64.0,ultra-fast,yes,NFC RFID Classic;REMOTE,Direct,Free publicly accessible,+41713881150,1258.4,1509.3,Villeneuve,5.0,surface_lot,FALSE,errands_mixed,,,,,,,,,,,,,,,,,,,
193,Energie360 Villeneuve Fast,Energie 360°,Swisscharge,CHAdeMO 135kW+Type2 22kW+CCS 135kW,1,public,car,"Centre Villeneuve, Zone Industrielle D1070 Villeneuve",Villeneuve,46.38676,6.9299248,2560866.6,1137393.3,OSM,9157939764,CH*SWI*E29485,CH*SWI*E29485;CH*SWI*E29486;CH*SWI*E241693;CH*SWI*E241694,18.2,4,64.0,ultra-fast,yes,NFC RFID Classic;REMOTE,Direct,Free publicly accessible,+41713881150,1259.9,1510.7,Villeneuve,5.0,surface_lot,FALSE,errands_mixed,,,,,,,,,,,,,,,,,,,
194,evpass Villeneuve East,Shell Recharge,evpass,Type1 7kW+Type2 22kW,2,public,car,"Chem. du Pré-Neuf, 1844 Villeneuve",Villeneuve,46.386837,6.9350797,2561263.2,1137399.3,Google Places + OSM,9157955114,4f038aca-4d97-11ea-8e3b-42010a840003,CH*SHE*E7163*1;CH*SHE*E7163*2,11.2,2,22.0,medium,yes,,,Restricted access,+41225445465,1356.3,1584.7,Villeneuve,395.5,unknown,,unknown,,,,,,,,,,,,,,,,,,,
